,annotations
0,"[{'id': 2222, 'completed_by': 1, 'result': [{'value': {'choices': ['Negative']}, 'id': 'OZB7sR4Y4i', 'from_name': 'sentiment', 'to_name': 'text', 'type': 'choices', 'origin': 'manual'}], 'was_cancelled': False, 'ground_truth': False, 'created_at': '2023-02-27T07:12:01.609001Z', 'updated_at': '2023-02-27T07:12:01.609001Z', 'lead_time': 1.5470000000000002, 'prediction': {}, 'result_count': 0, 'task': 2397, 'project': 19, 'parent_prediction': None, 'parent_annotation': None}]"
1,"[{'id': 2223, 'completed_by': 1, 'result': [{'value': {'choices': ['Positive']}, 'id': 'A8hG_Cynqw', 'from_name': 'sentiment', 'to_name': 'text', 'type': 'choices', 'origin': 'manual'}], 'was_cancelled': False, 'ground_truth': False, 'created_at': '2023-02-27T07:12:02.815791Z', 'updated_at': '2023-02-27T07:12:02.815791Z', 'lead_time': 0.783, 'prediction': {}, 'result_count': 0, 'task': 2398, 'project': 19, 'parent_prediction': None, 'parent_annotation': None}]"
2,"[{'id': 2224, 'completed_by': 1, 'result': [{'value': {'choices': ['Neutral']}, 'id': '8Ofvku4BK6', 'from_name': 'sentiment', 'to_name': 'text', 'type': 'choices', 'origin': 'manual'}], 'was_cancelled': False, 'ground_truth': False, 'created_at': '2023-02-27T07:12:03.674418Z', 'updated_at': '2023-02-27T07:12:05.868367Z', 'lead_time': 1.162, 'prediction': {}, 'result_count': 0, 'task': 2399, 'project': 19, 'parent_prediction': None, 'parent_annotation': None}]"
3,"[{'id': 2225, 'completed_by': 1, 'result': [{'value': {'choices': ['Negative']}, 'id': 'MQMrf79ken', 'from_name': 'sentiment', 'to_name': 'text', 'type': 'choices', 'origin': 'manual'}], 'was_cancelled': False, 'ground_truth': False, 'created_at': '2023-02-27T07:12:08.794027Z', 'updated_at': '2023-02-27T07:12:08.794027Z', 'lead_time': 1.087, 'prediction': {}, 'result_count': 0, 'task': 2400, 'project': 19, 'parent_prediction': None, 'parent_annotation': None}]"
4,"[{'id': 2226, 'completed_by': 1, 'result': [{'value': {'choices': ['Neutral']}, 'id': '6gf-mHBNeL', 'from_name': 'sentiment', 'to_name': 'text', 'type': 'choices', 'origin': 'manual'}], 'was_cancelled': False, 'ground_truth': False, 'created_at': '2023-02-27T07:12:10.872303Z', 'updated_at': '2023-02-27T07:12:10.872303Z', 'lead_time': 1.6760000000000002, 'prediction': {}, 'result_count': 0, 'task': 2401, 'project': 19, 'parent_prediction': None, 'parent_annotation': None}]"
5,"[{'id': 2227, 'completed_by': 1, 'result': [{'value': {'choices': ['Negative']}, 'id': 'aOCBm-5B45', 'from_name': 'sentiment', 'to_name': 'text', 'type': 'choices', 'origin': 'manual'}], 'was_cancelled': False, 'ground_truth': False, 'created_at': '2023-02-27T07:12:12.041125Z', 'updated_at': '2023-02-27T07:12:12.041125Z', 'lead_time': 0.888, 'prediction': {}, 'result_count': 0, 'task': 2402, 'project': 19, 'parent_prediction': None, 'parent_annotation': None}]"
6,"[{'id': 2228, 'completed_by': 1, 'result': [{'value': {'choices': ['Negative']}, 'id': 'Y6Rm03mFgU', 'from_name': 'sentiment', 'to_name': 'text', 'type': 'choices', 'origin': 'manual'}], 'was_cancelled': False, 'ground_truth': False, 'created_at': '2023-02-27T07:12:13.346077Z', 'updated_at': '2023-02-27T07:12:13.346077Z', 'lead_time': 1.049, 'prediction': {}, 'result_count': 0, 'task': 2403, 'project': 19, 'parent_prediction': None, 'parent_annotation': None}]"
7,"[{'id': 2229, 'completed_by': 1, 'result': [{'value': {'choices': ['Negative']}, 'id': 'WxU3cNVQgO', 'from_name': 'sentiment', 'to_name': 'text', 'type': 'choices', 'origin': 'manual'}], 'was_cancelled': False, 'ground_truth': False, 'created_at': '2023-02-27T07:12:14.324695Z', 'updated_at': '2023-02-27T07:12:14.324695Z', 'lead_time': 0.7030000000000001, 'prediction': {}, 'result_count': 0, 'task': 2404, 'project': 19, 'parent_prediction': None, 'parent_annotation': None}]"
8,"[{'id': 2230, 'completed_by': 1, 'result': [{'value': {'choices': ['Negative']}, 'id': 'QHoUQzA0j9', 'from_name': 'sentiment', 'to_name': 'text', 'type': 'choices', 'origin': 'manual'}], 'was_cancelled': False, 'ground_truth': False, 'created_at': '2023-02-27T07:12:15.266542Z', 'updated_at': '2023-02-27T07:12:15.266542Z', 'lead_time': 0.672, 'prediction': {}, 'result_count': 0, 'task': 2405, 'project': 19, 'parent_prediction': None, 'parent_annotation': None}]"
9,"[{'id': 2231, 'completed_by': 1, 'result': [{'value': {'choices': ['Positive']}, 'id': '0uJoEdwyCU', 'from_name': 'sentiment', 'to_name': 'text', 'type': 'choices', 'origin': 'manual'}], 'was_cancelled': False, 'ground_truth': False, 'created_at': '2023-02-27T07:12:16.321977Z', 'updated_at': '2023-02-27T07:12:16.321977Z', 'lead_time': 0.801, 'prediction': {}, 'result_count': 0, 'task': 2406, 'project': 19, 'parent_prediction': None, 'parent_annotation': None}]"
10,"[{'id': 2232, 'completed_by': 1, 'result': [{'value': {'choices': ['Negative']}, 'id': 'C895v50vBf', 'from_name': 'sentiment', 'to_name': 'text', 'type': 'choices', 'origin': 'manual'}], 'was_cancelled': False, 'ground_truth': False, 'created_at': '2023-02-27T07:12:17.377620Z', 'updated_at': '2023-02-27T07:12:17.377620Z', 'lead_time': 0.796, 'prediction': {}, 'result_count': 0, 'task': 2407, 'project': 19, 'parent_prediction': None, 'parent_annotation': None}]"
11,"[{'id': 2233, 'completed_by': 1, 'result': [{'value': {'choices': ['Positive']}, 'id': 'mSEVfIwLFJ', 'from_name': 'sentiment', 'to_name': 'text', 'type': 'choices', 'origin': 'manual'}], 'was_cancelled': False, 'ground_truth': False, 'created_at': '2023-02-27T07:12:18.317006Z', 'updated_at': '2023-02-27T07:12:18.317006Z', 'lead_time': 0.6930000000000001, 'prediction': {}, 'result_count': 0, 'task': 2408, 'project': 19, 'parent_prediction': None, 'parent_annotation': None}]"
12,"[{'id': 2234, 'completed_by': 1, 'result': [{'value': {'choices': ['Positive']}, 'id': 'H4qvqC4vTX', 'from_name': 'sentiment', 'to_name': 'text', 'type': 'choices', 'origin': 'manual'}], 'was_cancelled': False, 'ground_truth': False, 'created_at': '2023-02-27T07:12:19.389984Z', 'updated_at': '2023-02-27T07:12:19.389984Z', 'lead_time': 0.805, 'prediction': {}, 'result_count': 0, 'task': 2409, 'project': 19, 'parent_prediction': None, 'parent_annotation': None}]"
13,"[{'id': 2235, 'completed_by': 1, 'result': [{'value': {'choices': ['Positive']}, 'id': 'NMgDEvqZoY', 'from_name': 'sentiment', 'to_name': 'text', 'type': 'choices', 'origin': 'manual'}], 'was_cancelled': False, 'ground_truth': False, 'created_at': '2023-02-27T07:12:20.222981Z', 'updated_at': '2023-02-27T07:12:20.222981Z', 'lead_time': 0.539, 'prediction': {}, 'result_count': 0, 'task': 2410, 'project': 19, 'parent_prediction': None, 'parent_annotation': None}]"
14,"[{'id': 2236, 'completed_by': 1, 'result': [{'value': {'choices': ['Negative']}, 'id': 'IQ_-MFwyef', 'from_name': 'sentiment', 'to_name': 'text', 'type': 'choices', 'origin': 'manual'}], 'was_cancelled': False, 'ground_truth': False, 'created_at': '2023-02-27T07:12:22.566885Z', 'updated_at': '2023-02-27T07:12:22.566885Z', 'lead_time': 1.153, 'prediction': {}, 'result_count': 0, 'task': 2411, 'project': 19, 'parent_prediction': None, 'parent_annotation': None}]"
15,"[{'id': 2237, 'completed_by': 1, 'result': [{'value': {'choices': ['Positive']}, 'id': 'dWFCHNjBOH', 'from_name': 'sentiment', 'to_name': 'text', 'type': 'choices', 'origin': 'manual'}], 'was_cancelled': False, 'ground_truth': False, 'created_at': '2023-02-27T07:12:24.015274Z', 'updated_at': '2023-02-27T07:12:24.015274Z', 'lead_time': 0.797, 'prediction': {}, 'result_count': 0, 'task': 2412, 'project': 19, 'parent_prediction': None, 'parent_annotation': None}]"
16,"[{'id': 2238, 'completed_by': 1, 'result': [{'value': {'choices': ['Negative']}, 'id': 'wQXm97Gxe6', 'from_name': 'sentiment', 'to_name': 'text', 'type': 'choices', 'origin': 'manual'}], 'was_cancelled': False, 'ground_truth': False, 'created_at': '2023-02-27T07:12:25.672406Z', 'updated_at': '2023-02-27T07:12:25.672406Z', 'lead_time': 0.871, 'prediction': {}, 'result_count': 0, 'task': 2413, 'project': 19, 'parent_prediction': None, 'parent_annotation': None}]"
17,"[{'id': 2239, 'completed_by': 1, 'result': [{'value': {'choices': ['Negative']}, 'id': 'Qf5gpFTq7A', 'from_name': 'sentiment', 'to_name': 'text', 'type': 'choices', 'origin': 'manual'}], 'was_cancelled': False, 'ground_truth': False, 'created_at': '2023-02-27T07:12:29.304371Z', 'updated_at': '2023-02-27T07:12:29.304371Z', 'lead_time': 1.3599999999999999, 'prediction': {}, 'result_count': 0, 'task': 2414, 'project': 19, 'parent_prediction': None, 'parent_annotation': None}]"
18,"[{'id': 2240, 'completed_by': 1, 'result': [{'value': {'choices': ['Positive']}, 'id': '6Ai9W-TQbw', 'from_name': 'sentiment', 'to_name': 'text', 'type': 'choices', 'origin': 'manual'}], 'was_cancelled': False, 'ground_truth': False, 'created_at': '2023-02-27T07:12:31.965072Z', 'updated_at': '2023-02-27T07:12:31.965072Z', 'lead_time': 2.3689999999999998, 'prediction': {}, 'result_count': 0, 'task': 2415, 'project': 19, 'parent_prediction': None, 'parent_annotation': None}]"
19,"[{'id': 2241, 'completed_by': 1, 'result': [{'value': {'choices': ['Positive']}, 'id': 'YBpPRE1pvt', 'from_name': 'sentiment', 'to_name': 'text', 'type': 'choices', 'origin': 'manual'}], 'was_cancelled': False, 'ground_truth': False, 'created_at': '2023-02-27T07:12:33.329138Z', 'updated_at': '2023-02-27T07:12:33.329138Z', 'lead_time': 1.101, 'prediction': {}, 'result_count': 0, 'task': 2416, 'project': 19, 'parent_prediction': None, 'parent_annotation': None}]"
20,"[{'id': 2242, 'completed_by': 1, 'result': [{'value': {'choices': ['Negative']}, 'id': '55fZYI9yQq', 'from_name': 'sentiment', 'to_name': 'text', 'type': 'choices', 'origin': 'manual'}], 'was_cancelled': False, 'ground_truth': False, 'created_at': '2023-02-27T07:12:34.348636Z', 'updated_at': '2023-02-27T07:12:34.348636Z', 'lead_time': 0.753, 'prediction': {}, 'result_count': 0, 'task': 2417, 'project': 19, 'parent_prediction': None, 'parent_annotation': None}]"
21,"[{'id': 2243, 'completed_by': 1, 'result': [{'value': {'choices': ['Negative']}, 'id': 'WqU1ntvdAE', 'from_name': 'sentiment', 'to_name': 'text', 'type': 'choices', 'origin': 'manual'}], 'was_cancelled': False, 'ground_truth': False, 'created_at': '2023-02-27T07:12:35.460362Z', 'updated_at': '2023-02-27T07:12:35.460362Z', 'lead_time': 0.841, 'prediction': {}, 'result_count': 0, 'task': 2418, 'project': 19, 'parent_prediction': None, 'parent_annotation': None}]"
22,"[{'id': 2244, 'completed_by': 1, 'result': [{'value': {'choices': ['Negative']}, 'id': '6c56SPi4Fl', 'from_name': 'sentiment', 'to_name': 'text', 'type': 'choices', 'origin': 'manual'}], 'was_cancelled': False, 'ground_truth': False, 'created_at': '2023-02-27T07:12:36.349950Z', 'updated_at': '2023-02-27T07:12:36.349950Z', 'lead_time': 0.613, 'prediction': {}, 'result_count': 0, 'task': 2419, 'project': 19, 'parent_prediction': None, 'parent_annotation': None}]"
23,"[{'id': 2245, 'completed_by': 1, 'result': [{'value': {'choices': ['Negative']}, 'id': 'VHRwWO2xbg', 'from_name': 'sentiment', 'to_name': 'text', 'type': 'choices', 'origin': 'manual'}], 'was_cancelled': False, 'ground_truth': False, 'created_at': '2023-02-27T07:12:37.559852Z', 'updated_at': '2023-02-27T07:12:37.559852Z', 'lead_time': 0.9470000000000001, 'prediction': {}, 'result_count': 0, 'task': 2420, 'project': 19, 'parent_prediction': None, 'parent_annotation': None}]"
24,"[{'id': 2246, 'completed_by': 1, 'result': [{'value': {'choices': ['Negative']}, 'id': 'x-0ohse36E', 'from_name': 'sentiment', 'to_name': 'text', 'type': 'choices', 'origin': 'manual'}], 'was_cancelled': False, 'ground_truth': False, 'created_at': '2023-02-27T07:12:38.592697Z', 'updated_at': '2023-02-27T07:12:38.592697Z', 'lead_time': 0.768, 'prediction': {}, 'result_count': 0, 'task': 2421, 'project': 19, 'parent_prediction': None, 'parent_annotation': None}]"
25,"[{'id': 2247, 'completed_by': 1, 'result': [{'value': {'choices': ['Neutral']}, 'id': 'igxn9A88i4', 'from_name': 'sentiment', 'to_name': 'text', 'type': 'choices', 'origin': 'manual'}], 'was_cancelled': False, 'ground_truth': False, 'created_at': '2023-02-27T07:12:40.169590Z', 'updated_at': '2023-02-27T11:51:27.697334Z', 'lead_time': 11.311, 'prediction': {}, 'result_count': 0, 'task': 2422, 'project': 19, 'parent_prediction': None, 'parent_annotation': None}]"
26,"[{'id': 2248, 'completed_by': 1, 'result': [{'value': {'choices': ['Positive']}, 'id': 'szQgqnttaQ', 'from_name': 'sentiment', 'to_name': 'text', 'type': 'choices', 'origin': 'manual'}], 'was_cancelled': False, 'ground_truth': False, 'created_at': '2023-02-27T07:12:41.859270Z', 'updated_at': '2023-02-27T07:12:41.859270Z', 'lead_time': 1.434, 'prediction': {}, 'result_count': 0, 'task': 2423, 'project': 19, 'parent_prediction': None, 'parent_annotation': None}]"
27,"[{'id': 2249, 'completed_by': 1, 'result': [{'value': {'choices': ['Negative']}, 'id': '3QbqMpk8Y8', 'from_name': 'sentiment', 'to_name': 'text', 'type': 'choices', 'origin': 'manual'}], 'was_cancelled': False, 'ground_truth': False, 'created_at': '2023-02-27T07:12:43.024155Z', 'updated_at': '2023-02-27T07:12:43.024155Z', 'lead_time': 0.765, 'prediction': {}, 'result_count': 0, 'task': 2424, 'project': 19, 'parent_prediction': None, 'parent_annotation': None}]"
28,"[{'id': 2250, 'completed_by': 1, 'result': [{'value': {'choices': ['Positive']}, 'id': 'DSCybwC0jC', 'from_name': 'sentiment', 'to_name': 'text', 'type': 'choices', 'origin': 'manual'}], 'was_cancelled': False, 'ground_truth': False, 'created_at': '2023-02-27T07:12:43.960964Z', 'updated_at': '2023-02-27T07:12:43.960964Z', 'lead_time': 0.667, 'prediction': {}, 'result_count': 0, 'task': 2425, 'project': 19, 'parent_prediction': None, 'parent_annotation': None}]"
29,"[{'id': 2251, 'completed_by': 1, 'result': [{'value': {'choices': ['Negative']}, 'id': '-69CGTwYJW', 'from_name': 'sentiment', 'to_name': 'text', 'type': 'choices', 'origin': 'manual'}], 'was_cancelled': False, 'ground_truth': False, 'created_at': '2023-02-27T07:12:45.553933Z', 'updated_at': '2023-02-27T07:12:45.553933Z', 'lead_time': 1.054, 'prediction': {}, 'result_count': 0, 'task': 2426, 'project': 19, 'parent_prediction': None, 'parent_annotation': None}]"
30,"[{'id': 2252, 'completed_by': 1, 'result': [{'value': {'choices': ['Positive']}, 'id': 'CciIMMZMOF', 'from_name': 'sentiment', 'to_name': 'text', 'type': 'choices', 'origin': 'manual'}], 'was_cancelled': False, 'ground_truth': False, 'created_at': '2023-02-27T07:12:46.545505Z', 'updated_at': '2023-02-27T07:12:46.545505Z', 'lead_time': 0.657, 'prediction': {}, 'result_count': 0, 'task': 2427, 'project': 19, 'parent_prediction': None, 'parent_annotation': None}]"
31,"[{'id': 2253, 'completed_by': 1, 'result': [{'value': {'choices': ['Negative']}, 'id': 'mkWACIABLf', 'from_name': 'sentiment', 'to_name': 'text', 'type': 'choices', 'origin': 'manual'}], 'was_cancelled': False, 'ground_truth': False, 'created_at': '2023-02-27T07:12:47.805279Z', 'updated_at': '2023-02-27T07:12:50.078219Z', 'lead_time': 2.026, 'prediction': {}, 'result_count': 0, 'task': 2428, 'project': 19, 'parent_prediction': None, 'parent_annotation': None}]"
32,"[{'id': 2254, 'completed_by': 1, 'result': [{'value': {'choices': ['Positive']}, 'id': 'AMHpF-YqQ4', 'from_name': 'sentiment', 'to_name': 'text', 'type': 'choices', 'origin': 'manual'}], 'was_cancelled': False, 'ground_truth': False, 'created_at': '2023-02-27T07:12:51.904969Z', 'updated_at': '2023-02-27T07:12:51.904969Z', 'lead_time': 1.009, 'prediction': {}, 'result_count': 0, 'task': 2429, 'project': 19, 'parent_prediction': None, 'parent_annotation': None}]"
33,"[{'id': 2255, 'completed_by': 1, 'result': [{'value': {'choices': ['Positive']}, 'id': 'DYzwT2b_jm', 'from_name': 'sentiment', 'to_name': 'text', 'type': 'choices', 'origin': 'manual'}], 'was_cancelled': False, 'ground_truth': False, 'created_at': '2023-02-27T11:46:12.423111Z', 'updated_at': '2023-02-27T11:46:12.423111Z', 'lead_time': 4.016, 'prediction': {}, 'result_count': 0, 'task': 2430, 'project': 19, 'parent_prediction': None, 'parent_annotation': None}]"
34,"[{'id': 2256, 'completed_by': 1, 'result': [{'value': {'choices': ['Positive']}, 'id': 'dvhkxUHpJe', 'from_name': 'sentiment', 'to_name': 'text', 'type': 'choices', 'origin': 'manual'}], 'was_cancelled': False, 'ground_truth': False, 'created_at': '2023-02-27T11:47:28.009543Z', 'updated_at': '2023-02-27T11:47:28.009543Z', 'lead_time': 75.054, 'prediction': {}, 'result_count': 0, 'task': 2431, 'project': 19, 'parent_prediction': None, 'parent_annotation': None}]"
35,"[{'id': 2257, 'completed_by': 1, 'result': [{'value': {'choices': ['Negative']}, 'id': 'VKJ5fOvZ6W', 'from_name': 'sentiment', 'to_name': 'text', 'type': 'choices', 'origin': 'manual'}], 'was_cancelled': False, 'ground_truth': False, 'created_at': '2023-02-27T11:47:30.911088Z', 'updated_at': '2023-02-27T11:47:30.911088Z', 'lead_time': 2.4, 'prediction': {}, 'result_count': 0, 'task': 2432, 'project': 19, 'parent_prediction': None, 'parent_annotation': None}]"
36,"[{'id': 2258, 'completed_by': 1, 'result': [{'value': {'choices': ['Positive']}, 'id': 'pN-X7tkRQO', 'from_name': 'sentiment', 'to_name': 'text', 'type': 'choices', 'origin': 'manual'}], 'was_cancelled': False, 'ground_truth': False, 'created_at': '2023-02-27T11:55:23.032796Z', 'updated_at': '2023-02-27T11:55:23.032796Z', 'lead_time': 2.033, 'prediction': {}, 'result_count': 0, 'task': 2433, 'project': 19, 'parent_prediction': None, 'parent_annotation': None}]"
37,"[{'id': 2259, 'completed_by': 1, 'result': [{'value': {'choices': ['Negative']}, 'id': 'F0g7fYyrvZ', 'from_name': 'sentiment', 'to_name': 'text', 'type': 'choices', 'origin': 'manual'}], 'was_cancelled': False, 'ground_truth': False, 'created_at': '2023-02-27T11:55:25.730328Z', 'updated_at': '2023-02-27T11:55:25.730328Z', 'lead_time': 2.083, 'prediction': {}, 'result_count': 0, 'task': 2434, 'project': 19, 'parent_prediction': None, 'parent_annotation': None}]"
38,"[{'id': 2260, 'completed_by': 1, 'result': [{'value': {'choices': ['Positive']}, 'id': 'czsbmEti50', 'from_name': 'sentiment', 'to_name': 'text', 'type': 'choices', 'origin': 'manual'}], 'was_cancelled': False, 'ground_truth': False, 'created_at': '2023-02-27T11:55:28.193428Z', 'updated_at': '2023-02-27T11:55:28.193428Z', 'lead_time': 1.737, 'prediction': {}, 'result_count': 0, 'task': 2435, 'project': 19, 'parent_prediction': None, 'parent_annotation': None}]"
39,"[{'id': 2261, 'completed_by': 1, 'result': [{'value': {'choices': ['Negative']}, 'id': 'J891VPnz6s', 'from_name': 'sentiment', 'to_name': 'text', 'type': 'choices', 'origin': 'manual'}], 'was_cancelled': False, 'ground_truth': False, 'created_at': '2023-02-27T11:55:30.251260Z', 'updated_at': '2023-02-27T11:55:30.251260Z', 'lead_time': 1.4140000000000001, 'prediction': {}, 'result_count': 0, 'task': 2436, 'project': 19, 'parent_prediction': None, 'parent_annotation': None}]"
40,"[{'id': 2262, 'completed_by': 1, 'result': [{'value': {'choices': ['Negative']}, 'id': 'vb7QKk7Gyb', 'from_name': 'sentiment', 'to_name': 'text', 'type': 'choices', 'origin': 'manual'}], 'was_cancelled': False, 'ground_truth': False, 'created_at': '2023-02-27T11:55:32.199470Z', 'updated_at': '2023-02-27T11:55:32.199470Z', 'lead_time': 1.1320000000000001, 'prediction': {}, 'result_count': 0, 'task': 2437, 'project': 19, 'parent_prediction': None, 'parent_annotation': None}]"
41,"[{'id': 2263, 'completed_by': 1, 'result': [{'value': {'choices': ['Negative']}, 'id': 'eOOeY0-KBZ', 'from_name': 'sentiment', 'to_name': 'text', 'type': 'choices', 'origin': 'manual'}], 'was_cancelled': False, 'ground_truth': False, 'created_at': '2023-02-27T11:55:34.169880Z', 'updated_at': '2023-02-27T11:55:34.169880Z', 'lead_time': 1.449, 'prediction': {}, 'result_count': 0, 'task': 2438, 'project': 19, 'parent_prediction': None, 'parent_annotation': None}]"
42,"[{'id': 2264, 'completed_by': 1, 'result': [{'value': {'choices': ['Positive']}, 'id': '_2-O9er4u3', 'from_name': 'sentiment', 'to_name': 'text', 'type': 'choices', 'origin': 'manual'}], 'was_cancelled': False, 'ground_truth': False, 'created_at': '2023-02-27T11:55:36.130155Z', 'updated_at': '2023-02-27T11:55:36.130155Z', 'lead_time': 1.349, 'prediction': {}, 'result_count': 0, 'task': 2439, 'project': 19, 'parent_prediction': None, 'parent_annotation': None}]"
43,"[{'id': 2265, 'completed_by': 1, 'result': [{'value': {'choices': ['Positive']}, 'id': 'B17Gz4VXYZ', 'from_name': 'sentiment', 'to_name': 'text', 'type': 'choices', 'origin': 'manual'}], 'was_cancelled': False, 'ground_truth': False, 'created_at': '2023-02-27T11:55:38.115551Z', 'updated_at': '2023-02-27T11:55:38.115551Z', 'lead_time': 1.411, 'prediction': {}, 'result_count': 0, 'task': 2440, 'project': 19, 'parent_prediction': None, 'parent_annotation': None}]"
44,"[{'id': 2266, 'completed_by': 1, 'result': [{'value': {'choices': ['Positive']}, 'id': 'bVqO3f0_Rk', 'from_name': 'sentiment', 'to_name': 'text', 'type': 'choices', 'origin': 'manual'}], 'was_cancelled': False, 'ground_truth': False, 'created_at': '2023-02-27T11:55:40.795024Z', 'updated_at': '2023-02-27T11:55:40.795024Z', 'lead_time': 2.132, 'prediction': {}, 'result_count': 0, 'task': 2441, 'project': 19, 'parent_prediction': None, 'parent_annotation': None}]"
45,"[{'id': 2267, 'completed_by': 1, 'result': [{'value': {'choices': ['Positive']}, 'id': 'Yn5AzHW6zA', 'from_name': 'sentiment', 'to_name': 'text', 'type': 'choices', 'origin': 'manual'}], 'was_cancelled': False, 'ground_truth': False, 'created_at': '2023-02-27T11:55:42.342813Z', 'updated_at': '2023-02-27T11:55:42.342813Z', 'lead_time': 0.934, 'prediction': {}, 'result_count': 0, 'task': 2442, 'project': 19, 'parent_prediction': None, 'parent_annotation': None}]"
46,"[{'id': 2268, 'completed_by': 1, 'result': [{'value': {'choices': ['Positive']}, 'id': '7WG-BSkunp', 'from_name': 'sentiment', 'to_name': 'text', 'type': 'choices', 'origin': 'manual'}], 'was_cancelled': False, 'ground_truth': False, 'created_at': '2023-02-27T11:55:44.619259Z', 'updated_at': '2023-02-27T11:55:44.619259Z', 'lead_time': 1.697, 'prediction': {}, 'result_count': 0, 'task': 2443, 'project': 19, 'parent_prediction': None, 'parent_annotation': None}]"
47,"[{'id': 2269, 'completed_by': 1, 'result': [{'value': {'choices': ['Positive']}, 'id': 'mqP5ADK3xe', 'from_name': 'sentiment', 'to_name': 'text', 'type': 'choices', 'origin': 'manual'}], 'was_cancelled': False, 'ground_truth': False, 'created_at': '2023-02-27T11:55:46.563641Z', 'updated_at': '2023-02-27T11:55:46.563641Z', 'lead_time': 1.3860000000000001, 'prediction': {}, 'result_count': 0, 'task': 2444, 'project': 19, 'parent_prediction': None, 'parent_annotation': None}]"
48,"[{'id': 2270, 'completed_by': 1, 'result': [{'value': {'choices': ['Negative']}, 'id': 'nuuwE_ZqFc', 'from_name': 'sentiment', 'to_name': 'text', 'type': 'choices', 'origin': 'manual'}], 'was_cancelled': False, 'ground_truth': False, 'created_at': '2023-02-27T11:55:48.427690Z', 'updated_at': '2023-02-27T11:55:48.427690Z', 'lead_time': 1.376, 'prediction': {}, 'result_count': 0, 'task': 2445, 'project': 19, 'parent_prediction': None, 'parent_annotation': None}]"
49,"[{'id': 2271, 'completed_by': 1, 'result': [{'value': {'choices': ['Positive']}, 'id': 'aWzQyee5Yo', 'from_name': 'sentiment', 'to_name': 'text', 'type': 'choices', 'origin': 'manual'}], 'was_cancelled': False, 'ground_truth': False, 'created_at': '2023-02-27T11:55:50.129515Z', 'updated_at': '2023-02-27T11:55:50.129515Z', 'lead_time': 1.16, 'prediction': {}, 'result_count': 0, 'task': 2446, 'project': 19, 'parent_prediction': None, 'parent_annotation': None}]"
50,"[{'id': 2272, 'completed_by': 1, 'result': [{'value': {'choices': ['Positive']}, 'id': 'hBA4YgkskH', 'from_name': 'sentiment', 'to_name': 'text', 'type': 'choices', 'origin': 'manual'}], 'was_cancelled': False, 'ground_truth': False, 'created_at': '2023-02-27T11:55:52.314090Z', 'updated_at': '2023-02-27T11:55:52.314090Z', 'lead_time': 1.569, 'prediction': {}, 'result_count': 0, 'task': 2447, 'project': 19, 'parent_prediction': None, 'parent_annotation': None}]"
51,"[{'id': 2273, 'completed_by': 1, 'result': [{'value': {'choices': ['Neutral']}, 'id': 'kon8EuPti4', 'from_name': 'sentiment', 'to_name': 'text', 'type': 'choices', 'origin': 'manual'}], 'was_cancelled': False, 'ground_truth': False, 'created_at': '2023-02-27T11:55:55.031393Z', 'updated_at': '2023-02-27T11:55:55.031393Z', 'lead_time': 2.061, 'prediction': {}, 'result_count': 0, 'task': 2448, 'project': 19, 'parent_prediction': None, 'parent_annotation': None}]"
52,"[{'id': 2274, 'completed_by': 1, 'result': [{'value': {'choices': ['Positive']}, 'id': 'l6FMzt3s3a', 'from_name': 'sentiment', 'to_name': 'text', 'type': 'choices', 'origin': 'manual'}], 'was_cancelled': False, 'ground_truth': False, 'created_at': '2023-02-27T11:55:57.690130Z', 'updated_at': '2023-02-27T11:55:57.690130Z', 'lead_time': 2.043, 'prediction': {}, 'result_count': 0, 'task': 2449, 'project': 19, 'parent_prediction': None, 'parent_annotation': None}]"
53,"[{'id': 2275, 'completed_by': 1, 'result': [{'value': {'choices': ['Negative']}, 'id': 'nIYt6N8GTw', 'from_name': 'sentiment', 'to_name': 'text', 'type': 'choices', 'origin': 'manual'}], 'was_cancelled': False, 'ground_truth': False, 'created_at': '2023-02-27T11:55:59.800937Z', 'updated_at': '2023-02-27T11:55:59.800937Z', 'lead_time': 1.474, 'prediction': {}, 'result_count': 0, 'task': 2450, 'project': 19, 'parent_prediction': None, 'parent_annotation': None}]"
54,"[{'id': 2276, 'completed_by': 1, 'result': [{'value': {'choices': ['Positive']}, 'id': '0YDj8CvQdM', 'from_name': 'sentiment', 'to_name': 'text', 'type': 'choices', 'origin': 'manual'}], 'was_cancelled': False, 'ground_truth': False, 'created_at': '2023-02-27T11:56:01.796979Z', 'updated_at': '2023-02-27T11:56:01.796979Z', 'lead_time': 1.325, 'prediction': {}, 'result_count': 0, 'task': 2451, 'project': 19, 'parent_prediction': None, 'parent_annotation': None}]"
55,"[{'id': 2277, 'completed_by': 1, 'result': [{'value': {'choices': ['Negative']}, 'id': 'lC9Q9ClTfb', 'from_name': 'sentiment', 'to_name': 'text', 'type': 'choices', 'origin': 'manual'}], 'was_cancelled': False, 'ground_truth': False, 'created_at': '2023-02-27T11:56:03.865332Z', 'updated_at': '2023-02-27T11:56:03.865332Z', 'lead_time': 1.339, 'prediction': {}, 'result_count': 0, 'task': 2452, 'project': 19, 'parent_prediction': None, 'parent_annotation': None}]"
56,"[{'id': 2278, 'completed_by': 1, 'result': [{'value': {'choices': ['Negative']}, 'id': 'wL4js2hhZb', 'from_name': 'sentiment', 'to_name': 'text', 'type': 'choices', 'origin': 'manual'}], 'was_cancelled': False, 'ground_truth': False, 'created_at': '2023-02-27T11:56:06.845939Z', 'updated_at': '2023-02-27T11:56:06.845939Z', 'lead_time': 2.303, 'prediction': {}, 'result_count': 0, 'task': 2453, 'project': 19, 'parent_prediction': None, 'parent_annotation': None}]"
57,"[{'id': 2279, 'completed_by': 1, 'result': [{'value': {'choices': ['Negative']}, 'id': 'dw3x1o2ZmZ', 'from_name': 'sentiment', 'to_name': 'text', 'type': 'choices', 'origin': 'manual'}], 'was_cancelled': False, 'ground_truth': False, 'created_at': '2023-02-27T12:00:00.557807Z', 'updated_at': '2023-02-27T12:00:00.557807Z', 'lead_time': 233.068, 'prediction': {}, 'result_count': 0, 'task': 2454, 'project': 19, 'parent_prediction': None, 'parent_annotation': None}]"
58,"[{'id': 2280, 'completed_by': 1, 'result': [{'value': {'choices': ['Positive']}, 'id': '9f0t0wfxr5', 'from_name': 'sentiment', 'to_name': 'text', 'type': 'choices', 'origin': 'manual'}], 'was_cancelled': False, 'ground_truth': False, 'created_at': '2023-02-27T12:00:04.874297Z', 'updated_at': '2023-02-27T12:00:04.874297Z', 'lead_time': 3.693, 'prediction': {}, 'result_count': 0, 'task': 2455, 'project': 19, 'parent_prediction': None, 'parent_annotation': None}]"
59,"[{'id': 2281, 'completed_by': 1, 'result': [{'value': {'choices': ['Negative']}, 'id': 'tiJ7fEACV4', 'from_name': 'sentiment', 'to_name': 'text', 'type': 'choices', 'origin': 'manual'}], 'was_cancelled': False, 'ground_truth': False, 'created_at': '2023-02-27T12:00:07.392644Z', 'updated_at': '2023-02-27T12:00:07.392644Z', 'lead_time': 1.879, 'prediction': {}, 'result_count': 0, 'task': 2456, 'project': 19, 'parent_prediction': None, 'parent_annotation': None}]"
60,"[{'id': 2282, 'completed_by': 1, 'result': [{'value': {'choices': ['Positive']}, 'id': 'ilT4O5Domi', 'from_name': 'sentiment', 'to_name': 'text', 'type': 'choices', 'origin': 'manual'}], 'was_cancelled': False, 'ground_truth': False, 'created_at': '2023-02-27T12:00:51.692160Z', 'updated_at': '2023-02-27T12:00:51.692160Z', 'lead_time': 43.691, 'prediction': {}, 'result_count': 0, 'task': 2457, 'project': 19, 'parent_prediction': None, 'parent_annotation': None}]"
61,"[{'id': 2283, 'completed_by': 1, 'result': [{'value': {'choices': ['Negative']}, 'id': 'CHuuJM18gn', 'from_name': 'sentiment', 'to_name': 'text', 'type': 'choices', 'origin': 'manual'}], 'was_cancelled': False, 'ground_truth': False, 'created_at': '2023-02-27T12:00:54.945605Z', 'updated_at': '2023-02-27T12:00:54.945605Z', 'lead_time': 1.9769999999999999, 'prediction': {}, 'result_count': 0, 'task': 2458, 'project': 19, 'parent_prediction': None, 'parent_annotation': None}]"
62,"[{'id': 2284, 'completed_by': 1, 'result': [{'value': {'choices': ['Negative']}, 'id': '_HAklFKRvN', 'from_name': 'sentiment', 'to_name': 'text', 'type': 'choices', 'origin': 'manual'}], 'was_cancelled': False, 'ground_truth': False, 'created_at': '2023-02-27T12:00:57.546678Z', 'updated_at': '2023-02-27T12:00:57.546678Z', 'lead_time': 1.33, 'prediction': {}, 'result_count': 0, 'task': 2459, 'project': 19, 'parent_prediction': None, 'parent_annotation': None}]"
63,"[{'id': 2285, 'completed_by': 1, 'result': [{'value': {'choices': ['Negative']}, 'id': 'j406uy8Tm0', 'from_name': 'sentiment', 'to_name': 'text', 'type': 'choices', 'origin': 'manual'}], 'was_cancelled': False, 'ground_truth': False, 'created_at': '2023-02-27T12:01:00.761795Z', 'updated_at': '2023-02-27T12:01:00.761795Z', 'lead_time': 1.404, 'prediction': {}, 'result_count': 0, 'task': 2460, 'project': 19, 'parent_prediction': None, 'parent_annotation': None}]"
64,"[{'id': 2286, 'completed_by': 1, 'result': [{'value': {'choices': ['Negative']}, 'id': 'ysyKMEznQG', 'from_name': 'sentiment', 'to_name': 'text', 'type': 'choices', 'origin': 'manual'}], 'was_cancelled': False, 'ground_truth': False, 'created_at': '2023-02-27T12:01:04.483382Z', 'updated_at': '2023-02-27T12:01:04.483382Z', 'lead_time': 1.573, 'prediction': {}, 'result_count': 0, 'task': 2461, 'project': 19, 'parent_prediction': None, 'parent_annotation': None}]"
65,"[{'id': 2287, 'completed_by': 1, 'result': [{'value': {'choices': ['Negative']}, 'id': 'g2WWVzWFb4', 'from_name': 'sentiment', 'to_name': 'text', 'type': 'choices', 'origin': 'manual'}], 'was_cancelled': False, 'ground_truth': False, 'created_at': '2023-02-27T12:01:09.247966Z', 'updated_at': '2023-02-27T12:01:09.247966Z', 'lead_time': 1.459, 'prediction': {}, 'result_count': 0, 'task': 2462, 'project': 19, 'parent_prediction': None, 'parent_annotation': None}]"
66,"[{'id': 2288, 'completed_by': 1, 'result': [{'value': {'choices': ['Positive']}, 'id': 'fu3tkJWCeC', 'from_name': 'sentiment', 'to_name': 'text', 'type': 'choices', 'origin': 'manual'}], 'was_cancelled': False, 'ground_truth': False, 'created_at': '2023-02-27T12:01:11.266674Z', 'updated_at': '2023-02-27T12:01:11.266674Z', 'lead_time': 1.419, 'prediction': {}, 'result_count': 0, 'task': 2463, 'project': 19, 'parent_prediction': None, 'parent_annotation': None}]"
67,"[{'id': 2289, 'completed_by': 1, 'result': [{'value': {'choices': ['Positive']}, 'id': 'LMM9nEOQip', 'from_name': 'sentiment', 'to_name': 'text', 'type': 'choices', 'origin': 'manual'}], 'was_cancelled': False, 'ground_truth': False, 'created_at': '2023-02-27T12:01:12.919075Z', 'updated_at': '2023-02-27T12:01:12.919075Z', 'lead_time': 1.042, 'prediction': {}, 'result_count': 0, 'task': 2464, 'project': 19, 'parent_prediction': None, 'parent_annotation': None}]"
68,"[{'id': 2290, 'completed_by': 1, 'result': [{'value': {'choices': ['Negative']}, 'id': 'VuL4e2NlmP', 'from_name': 'sentiment', 'to_name': 'text', 'type': 'choices', 'origin': 'manual'}], 'was_cancelled': False, 'ground_truth': False, 'created_at': '2023-02-27T12:01:14.695522Z', 'updated_at': '2023-02-27T12:01:14.695522Z', 'lead_time': 1.212, 'prediction': {}, 'result_count': 0, 'task': 2465, 'project': 19, 'parent_prediction': None, 'parent_annotation': None}]"
69,"[{'id': 2291, 'completed_by': 1, 'result': [{'value': {'choices': ['Negative']}, 'id': 'KSPhKDDgdd', 'from_name': 'sentiment', 'to_name': 'text', 'type': 'choices', 'origin': 'manual'}], 'was_cancelled': False, 'ground_truth': False, 'created_at': '2023-02-27T12:01:16.593619Z', 'updated_at': '2023-02-27T12:01:16.593619Z', 'lead_time': 1.286, 'prediction': {}, 'result_count': 0, 'task': 2466, 'project': 19, 'parent_prediction': None, 'parent_annotation': None}]"
70,"[{'id': 2292, 'completed_by': 1, 'result': [{'value': {'choices': ['Positive']}, 'id': 'KhoIVGl0Vd', 'from_name': 'sentiment', 'to_name': 'text', 'type': 'choices', 'origin': 'manual'}], 'was_cancelled': False, 'ground_truth': False, 'created_at': '2023-02-27T12:01:19.482712Z', 'updated_at': '2023-02-27T12:01:19.482712Z', 'lead_time': 2.254, 'prediction': {}, 'result_count': 0, 'task': 2467, 'project': 19, 'parent_prediction': None, 'parent_annotation': None}]"
71,"[{'id': 2293, 'completed_by': 1, 'result': [{'value': {'choices': ['Positive']}, 'id': 'CUgSratkwA', 'from_name': 'sentiment', 'to_name': 'text', 'type': 'choices', 'origin': 'manual'}], 'was_cancelled': False, 'ground_truth': False, 'created_at': '2023-02-27T12:01:20.971260Z', 'updated_at': '2023-02-27T12:01:20.971260Z', 'lead_time': 0.978, 'prediction': {}, 'result_count': 0, 'task': 2468, 'project': 19, 'parent_prediction': None, 'parent_annotation': None}]"
72,"[{'id': 2294, 'completed_by': 1, 'result': [{'value': {'choices': ['Positive']}, 'id': 'RAz5AXAvsT', 'from_name': 'sentiment', 'to_name': 'text', 'type': 'choices', 'origin': 'manual'}], 'was_cancelled': False, 'ground_truth': False, 'created_at': '2023-02-27T12:01:23.552326Z', 'updated_at': '2023-02-27T12:01:23.556324Z', 'lead_time': 2.088, 'prediction': {}, 'result_count': 0, 'task': 2469, 'project': 19, 'parent_prediction': None, 'parent_annotation': None}]"
73,"[{'id': 2295, 'completed_by': 1, 'result': [{'value': {'choices': ['Positive']}, 'id': 'Onterx7lMS', 'from_name': 'sentiment', 'to_name': 'text', 'type': 'choices', 'origin': 'manual'}], 'was_cancelled': False, 'ground_truth': False, 'created_at': '2023-02-27T12:01:25.434289Z', 'updated_at': '2023-02-27T12:01:25.434289Z', 'lead_time': 1.376, 'prediction': {}, 'result_count': 0, 'task': 2470, 'project': 19, 'parent_prediction': None, 'parent_annotation': None}]"
74,"[{'id': 2296, 'completed_by': 1, 'result': [{'value': {'choices': ['Positive']}, 'id': 'k9i1bc0VnK', 'from_name': 'sentiment', 'to_name': 'text', 'type': 'choices', 'origin': 'manual'}], 'was_cancelled': False, 'ground_truth': False, 'created_at': '2023-02-27T12:01:27.668277Z', 'updated_at': '2023-02-27T12:01:27.668277Z', 'lead_time': 1.474, 'prediction': {}, 'result_count': 0, 'task': 2471, 'project': 19, 'parent_prediction': None, 'parent_annotation': None}]"
75,"[{'id': 2297, 'completed_by': 1, 'result': [{'value': {'choices': ['Negative']}, 'id': 'Qpzvr15eZy', 'from_name': 'sentiment', 'to_name': 'text', 'type': 'choices', 'origin': 'manual'}], 'was_cancelled': False, 'ground_truth': False, 'created_at': '2023-02-27T12:01:29.780199Z', 'updated_at': '2023-02-27T12:01:29.780199Z', 'lead_time': 1.472, 'prediction': {}, 'result_count': 0, 'task': 2472, 'project': 19, 'parent_prediction': None, 'parent_annotation': None}]"
76,"[{'id': 2298, 'completed_by': 1, 'result': [{'value': {'choices': ['Negative']}, 'id': '3GMOsdHqk1', 'from_name': 'sentiment', 'to_name': 'text', 'type': 'choices', 'origin': 'manual'}], 'was_cancelled': False, 'ground_truth': False, 'created_at': '2023-02-27T12:01:31.776176Z', 'updated_at': '2023-02-27T12:01:31.776176Z', 'lead_time': 1.332, 'prediction': {}, 'result_count': 0, 'task': 2473, 'project': 19, 'parent_prediction': None, 'parent_annotation': None}]"
77,"[{'id': 2299, 'completed_by': 1, 'result': [{'value': {'choices': ['Positive']}, 'id': 'apIeiL4_ny', 'from_name': 'sentiment', 'to_name': 'text', 'type': 'choices', 'origin': 'manual'}], 'was_cancelled': False, 'ground_truth': False, 'created_at': '2023-02-27T12:01:34.521489Z', 'updated_at': '2023-02-27T12:01:34.521489Z', 'lead_time': 2.232, 'prediction': {}, 'result_count': 0, 'task': 2474, 'project': 19, 'parent_prediction': None, 'parent_annotation': None}]"
78,"[{'id': 2300, 'completed_by': 1, 'result': [{'value': {'choices': ['Positive']}, 'id': 'X0jlFnD3_G', 'from_name': 'sentiment', 'to_name': 'text', 'type': 'choices', 'origin': 'manual'}], 'was_cancelled': False, 'ground_truth': False, 'created_at': '2023-02-27T12:01:36.844453Z', 'updated_at': '2023-02-27T12:01:36.844453Z', 'lead_time': 1.763, 'prediction': {}, 'result_count': 0, 'task': 2475, 'project': 19, 'parent_prediction': None, 'parent_annotation': None}]"
79,"[{'id': 2301, 'completed_by': 1, 'result': [{'value': {'choices': ['Positive']}, 'id': 'vtzAX6BcPF', 'from_name': 'sentiment', 'to_name': 'text', 'type': 'choices', 'origin': 'manual'}], 'was_cancelled': False, 'ground_truth': False, 'created_at': '2023-02-27T12:01:38.738007Z', 'updated_at': '2023-02-27T12:01:38.738007Z', 'lead_time': 1.2469999999999999, 'prediction': {}, 'result_count': 0, 'task': 2476, 'project': 19, 'parent_prediction': None, 'parent_annotation': None}]"
80,"[{'id': 2302, 'completed_by': 1, 'result': [{'value': {'choices': ['Neutral']}, 'id': 'FXtr1GyE_j', 'from_name': 'sentiment', 'to_name': 'text', 'type': 'choices', 'origin': 'manual'}], 'was_cancelled': False, 'ground_truth': False, 'created_at': '2023-02-27T12:01:44.666026Z', 'updated_at': '2023-02-27T12:01:44.666026Z', 'lead_time': 5.343, 'prediction': {}, 'result_count': 0, 'task': 2477, 'project': 19, 'parent_prediction': None, 'parent_annotation': None}]"
81,"[{'id': 2303, 'completed_by': 1, 'result': [{'value': {'choices': ['Negative']}, 'id': 'Dqgy5jfolQ', 'from_name': 'sentiment', 'to_name': 'text', 'type': 'choices', 'origin': 'manual'}], 'was_cancelled': False, 'ground_truth': False, 'created_at': '2023-02-27T12:01:46.825161Z', 'updated_at': '2023-02-27T12:01:46.825161Z', 'lead_time': 1.554, 'prediction': {}, 'result_count': 0, 'task': 2478, 'project': 19, 'parent_prediction': None, 'parent_annotation': None}]"
82,"[{'id': 2304, 'completed_by': 1, 'result': [{'value': {'choices': ['Negative']}, 'id': '_o592igT1h', 'from_name': 'sentiment', 'to_name': 'text', 'type': 'choices', 'origin': 'manual'}], 'was_cancelled': False, 'ground_truth': False, 'created_at': '2023-02-27T12:01:49.543892Z', 'updated_at': '2023-02-27T12:01:49.543892Z', 'lead_time': 2.175, 'prediction': {}, 'result_count': 0, 'task': 2479, 'project': 19, 'parent_prediction': None, 'parent_annotation': None}]"
83,"[{'id': 2305, 'completed_by': 1, 'result': [{'value': {'choices': ['Negative']}, 'id': 'CZ61qoU-MB', 'from_name': 'sentiment', 'to_name': 'text', 'type': 'choices', 'origin': 'manual'}], 'was_cancelled': False, 'ground_truth': False, 'created_at': '2023-02-27T12:01:51.273813Z', 'updated_at': '2023-02-27T12:01:51.273813Z', 'lead_time': 1.24, 'prediction': {}, 'result_count': 0, 'task': 2480, 'project': 19, 'parent_prediction': None, 'parent_annotation': None}]"
84,"[{'id': 2306, 'completed_by': 1, 'result': [{'value': {'choices': ['Negative']}, 'id': 'GdHZO3T_zk', 'from_name': 'sentiment', 'to_name': 'text', 'type': 'choices', 'origin': 'manual'}], 'was_cancelled': False, 'ground_truth': False, 'created_at': '2023-02-27T12:01:53.104995Z', 'updated_at': '2023-02-27T12:01:53.104995Z', 'lead_time': 1.1440000000000001, 'prediction': {}, 'result_count': 0, 'task': 2481, 'project': 19, 'parent_prediction': None, 'parent_annotation': None}]"
85,"[{'id': 2307, 'completed_by': 1, 'result': [{'value': {'choices': ['Positive']}, 'id': 'eCC0BMn9OP', 'from_name': 'sentiment', 'to_name': 'text', 'type': 'choices', 'origin': 'manual'}], 'was_cancelled': False, 'ground_truth': False, 'created_at': '2023-02-27T12:02:03.326981Z', 'updated_at': '2023-02-27T12:02:03.326981Z', 'lead_time': 9.566, 'prediction': {}, 'result_count': 0, 'task': 2482, 'project': 19, 'parent_prediction': None, 'parent_annotation': None}]"
86,"[{'id': 2308, 'completed_by': 1, 'result': [{'value': {'choices': ['Negative']}, 'id': 'TGZseF5pGx', 'from_name': 'sentiment', 'to_name': 'text', 'type': 'choices', 'origin': 'manual'}], 'was_cancelled': False, 'ground_truth': False, 'created_at': '2023-02-27T12:02:05.200931Z', 'updated_at': '2023-02-27T12:02:05.200931Z', 'lead_time': 1.197, 'prediction': {}, 'result_count': 0, 'task': 2483, 'project': 19, 'parent_prediction': None, 'parent_annotation': None}]"
87,"[{'id': 2309, 'completed_by': 1, 'result': [{'value': {'choices': ['Positive']}, 'id': 'MKbWj61XS7', 'from_name': 'sentiment', 'to_name': 'text', 'type': 'choices', 'origin': 'manual'}], 'was_cancelled': False, 'ground_truth': False, 'created_at': '2023-02-27T12:02:07.353244Z', 'updated_at': '2023-02-27T12:02:07.353244Z', 'lead_time': 1.58, 'prediction': {}, 'result_count': 0, 'task': 2484, 'project': 19, 'parent_prediction': None, 'parent_annotation': None}]"
88,"[{'id': 2310, 'completed_by': 1, 'result': [{'value': {'choices': ['Negative']}, 'id': 'C4TdsKMMT9', 'from_name': 'sentiment', 'to_name': 'text', 'type': 'choices', 'origin': 'manual'}], 'was_cancelled': False, 'ground_truth': False, 'created_at': '2023-02-27T12:02:09.252567Z', 'updated_at': '2023-02-27T12:02:09.252567Z', 'lead_time': 1.222, 'prediction': {}, 'result_count': 0, 'task': 2485, 'project': 19, 'parent_prediction': None, 'parent_annotation': None}]"
89,"[{'id': 2311, 'completed_by': 1, 'result': [{'value': {'choices': ['Negative']}, 'id': '9SXoWcKfY3', 'from_name': 'sentiment', 'to_name': 'text', 'type': 'choices', 'origin': 'manual'}], 'was_cancelled': False, 'ground_truth': False, 'created_at': '2023-02-27T12:02:11.477173Z', 'updated_at': '2023-02-27T12:02:11.478284Z', 'lead_time': 1.5939999999999999, 'prediction': {}, 'result_count': 0, 'task': 2486, 'project': 19, 'parent_prediction': None, 'parent_annotation': None}]"
90,"[{'id': 2312, 'completed_by': 1, 'result': [{'value': {'choices': ['Positive']}, 'id': 'H7yLu7azHG', 'from_name': 'sentiment', 'to_name': 'text', 'type': 'choices', 'origin': 'manual'}], 'was_cancelled': False, 'ground_truth': False, 'created_at': '2023-02-27T12:02:13.814431Z', 'updated_at': '2023-02-27T12:02:13.814431Z', 'lead_time': 1.708, 'prediction': {}, 'result_count': 0, 'task': 2487, 'project': 19, 'parent_prediction': None, 'parent_annotation': None}]"
91,"[{'id': 2313, 'completed_by': 1, 'result': [{'value': {'choices': ['Positive']}, 'id': 'CnWEvs8YC4', 'from_name': 'sentiment', 'to_name': 'text', 'type': 'choices', 'origin': 'manual'}], 'was_cancelled': False, 'ground_truth': False, 'created_at': '2023-02-27T12:02:16.725770Z', 'updated_at': '2023-02-27T12:02:16.725770Z', 'lead_time': 2.199, 'prediction': {}, 'result_count': 0, 'task': 2488, 'project': 19, 'parent_prediction': None, 'parent_annotation': None}]"
92,"[{'id': 2314, 'completed_by': 1, 'result': [{'value': {'choices': ['Positive']}, 'id': 'VfGi3ZYgEo', 'from_name': 'sentiment', 'to_name': 'text', 'type': 'choices', 'origin': 'manual'}], 'was_cancelled': False, 'ground_truth': False, 'created_at': '2023-02-27T12:02:19.354193Z', 'updated_at': '2023-02-27T12:02:19.354193Z', 'lead_time': 1.857, 'prediction': {}, 'result_count': 0, 'task': 2489, 'project': 19, 'parent_prediction': None, 'parent_annotation': None}]"
93,"[{'id': 2315, 'completed_by': 1, 'result': [{'value': {'choices': ['Negative']}, 'id': '8mEq4sBRV9', 'from_name': 'sentiment', 'to_name': 'text', 'type': 'choices', 'origin': 'manual'}], 'was_cancelled': False, 'ground_truth': False, 'created_at': '2023-02-27T12:02:21.468352Z', 'updated_at': '2023-02-27T12:02:21.468352Z', 'lead_time': 1.355, 'prediction': {}, 'result_count': 0, 'task': 2490, 'project': 19, 'parent_prediction': None, 'parent_annotation': None}]"
94,"[{'id': 2316, 'completed_by': 1, 'result': [{'value': {'choices': ['Positive']}, 'id': '0rVsoxErZq', 'from_name': 'sentiment', 'to_name': 'text', 'type': 'choices', 'origin': 'manual'}], 'was_cancelled': False, 'ground_truth': False, 'created_at': '2023-02-27T12:29:14.170310Z', 'updated_at': '2023-02-27T12:29:14.170310Z', 'lead_time': 3.119, 'prediction': {}, 'result_count': 0, 'task': 2491, 'project': 19, 'parent_prediction': None, 'parent_annotation': None}]"
95,"[{'id': 2317, 'completed_by': 1, 'result': [{'value': {'choices': ['Positive']}, 'id': 'JwQmcw0Iel', 'from_name': 'sentiment', 'to_name': 'text', 'type': 'choices', 'origin': 'manual'}], 'was_cancelled': False, 'ground_truth': False, 'created_at': '2023-02-27T12:29:17.364223Z', 'updated_at': '2023-02-27T12:29:17.364223Z', 'lead_time': 2.594, 'prediction': {}, 'result_count': 0, 'task': 2492, 'project': 19, 'parent_prediction': None, 'parent_annotation': None}]"
96,"[{'id': 2318, 'completed_by': 1, 'result': [{'value': {'choices': ['Positive']}, 'id': 'hvMWVLhoxw', 'from_name': 'sentiment', 'to_name': 'text', 'type': 'choices', 'origin': 'manual'}], 'was_cancelled': False, 'ground_truth': False, 'created_at': '2023-02-27T12:29:19.046442Z', 'updated_at': '2023-02-27T12:29:19.046442Z', 'lead_time': 1.009, 'prediction': {}, 'result_count': 0, 'task': 2493, 'project': 19, 'parent_prediction': None, 'parent_annotation': None}]"
97,"[{'id': 2319, 'completed_by': 1, 'result': [{'value': {'choices': ['Positive']}, 'id': 'bpKcsv2k7c', 'from_name': 'sentiment', 'to_name': 'text', 'type': 'choices', 'origin': 'manual'}], 'was_cancelled': False, 'ground_truth': False, 'created_at': '2023-02-27T12:43:54.162024Z', 'updated_at': '2023-02-27T12:51:04.366901Z', 'lead_time': 31.602999999999998, 'prediction': {}, 'result_count': 0, 'task': 2494, 'project': 19, 'parent_prediction': None, 'parent_annotation': None}]"
98,"[{'id': 2320, 'completed_by': 1, 'result': [{'value': {'choices': ['Neutral']}, 'id': 'ZZdIBt3phN', 'from_name': 'sentiment', 'to_name': 'text', 'type': 'choices', 'origin': 'manual'}], 'was_cancelled': False, 'ground_truth': False, 'created_at': '2023-02-27T12:43:56.955967Z', 'updated_at': '2023-02-27T12:43:56.955967Z', 'lead_time': 2.087, 'prediction': {}, 'result_count': 0, 'task': 2495, 'project': 19, 'parent_prediction': None, 'parent_annotation': None}]"
99,"[{'id': 2321, 'completed_by': 1, 'result': [{'value': {'choices': ['Positive']}, 'id': 'SIpJarfvHY', 'from_name': 'sentiment', 'to_name': 'text', 'type': 'choices', 'origin': 'manual'}], 'was_cancelled': False, 'ground_truth': False, 'created_at': '2023-02-27T12:43:59.280186Z', 'updated_at': '2023-02-27T12:43:59.280186Z', 'lead_time': 1.776, 'prediction': {}, 'result_count': 0, 'task': 2496, 'project': 19, 'parent_prediction': None, 'parent_annotation': None}]"
100,"[{'id': 2322, 'completed_by': 1, 'result': [{'value': {'choices': ['Negative']}, 'id': '7qXa6nrO9V', 'from_name': 'sentiment', 'to_name': 'text', 'type': 'choices', 'origin': 'manual'}], 'was_cancelled': False, 'ground_truth': False, 'created_at': '2023-02-27T12:44:01.439897Z', 'updated_at': '2023-02-27T12:44:01.439897Z', 'lead_time': 1.603, 'prediction': {}, 'result_count': 0, 'task': 2497, 'project': 19, 'parent_prediction': None, 'parent_annotation': None}]"
101,"[{'id': 2323, 'completed_by': 1, 'result': [{'value': {'choices': ['Negative']}, 'id': '8UYIL_NHyZ', 'from_name': 'sentiment', 'to_name': 'text', 'type': 'choices', 'origin': 'manual'}], 'was_cancelled': False, 'ground_truth': False, 'created_at': '2023-02-27T12:44:03.840932Z', 'updated_at': '2023-02-27T12:44:03.840932Z', 'lead_time': 1.8860000000000001, 'prediction': {}, 'result_count': 0, 'task': 2498, 'project': 19, 'parent_prediction': None, 'parent_annotation': None}]"
102,"[{'id': 2324, 'completed_by': 1, 'result': [{'value': {'choices': ['Positive']}, 'id': 'LJDjlD0E1B', 'from_name': 'sentiment', 'to_name': 'text', 'type': 'choices', 'origin': 'manual'}], 'was_cancelled': False, 'ground_truth': False, 'created_at': '2023-02-27T12:44:11.740152Z', 'updated_at': '2023-02-27T12:44:11.740152Z', 'lead_time': 7.358, 'prediction': {}, 'result_count': 0, 'task': 2499, 'project': 19, 'parent_prediction': None, 'parent_annotation': None}]"
103,"[{'id': 2325, 'completed_by': 1, 'result': [{'value': {'choices': ['Positive']}, 'id': '7fL7ItEmK2', 'from_name': 'sentiment', 'to_name': 'text', 'type': 'choices', 'origin': 'manual'}], 'was_cancelled': False, 'ground_truth': False, 'created_at': '2023-02-27T12:44:14.792253Z', 'updated_at': '2023-02-27T12:44:14.792253Z', 'lead_time': 2.558, 'prediction': {}, 'result_count': 0, 'task': 2500, 'project': 19, 'parent_prediction': None, 'parent_annotation': None}]"
104,"[{'id': 2326, 'completed_by': 1, 'result': [{'value': {'choices': ['Negative']}, 'id': 'Hchx5IkLB5', 'from_name': 'sentiment', 'to_name': 'text', 'type': 'choices', 'origin': 'manual'}], 'was_cancelled': False, 'ground_truth': False, 'created_at': '2023-02-27T12:44:16.692574Z', 'updated_at': '2023-02-27T12:44:16.692574Z', 'lead_time': 1.2690000000000001, 'prediction': {}, 'result_count': 0, 'task': 2501, 'project': 19, 'parent_prediction': None, 'parent_annotation': None}]"
105,"[{'id': 2327, 'completed_by': 1, 'result': [{'value': {'choices': ['Neutral']}, 'id': 'rM0htY3FpY', 'from_name': 'sentiment', 'to_name': 'text', 'type': 'choices', 'origin': 'manual'}], 'was_cancelled': False, 'ground_truth': False, 'created_at': '2023-02-27T12:44:19.169291Z', 'updated_at': '2023-02-27T12:44:19.169291Z', 'lead_time': 1.716, 'prediction': {}, 'result_count': 0, 'task': 2502, 'project': 19, 'parent_prediction': None, 'parent_annotation': None}]"
106,"[{'id': 2328, 'completed_by': 1, 'result': [{'value': {'choices': ['Negative']}, 'id': 'TEtu_FJ9wC', 'from_name': 'sentiment', 'to_name': 'text', 'type': 'choices', 'origin': 'manual'}], 'was_cancelled': False, 'ground_truth': False, 'created_at': '2023-02-27T12:44:20.843656Z', 'updated_at': '2023-02-27T12:44:20.843656Z', 'lead_time': 1.143, 'prediction': {}, 'result_count': 0, 'task': 2503, 'project': 19, 'parent_prediction': None, 'parent_annotation': None}]"
107,"[{'id': 2329, 'completed_by': 1, 'result': [{'value': {'choices': ['Negative']}, 'id': 'QTQ_LYiT51', 'from_name': 'sentiment', 'to_name': 'text', 'type': 'choices', 'origin': 'manual'}], 'was_cancelled': False, 'ground_truth': False, 'created_at': '2023-02-27T12:44:22.561296Z', 'updated_at': '2023-02-27T12:44:22.561296Z', 'lead_time': 1.04, 'prediction': {}, 'result_count': 0, 'task': 2504, 'project': 19, 'parent_prediction': None, 'parent_annotation': None}]"
108,"[{'id': 2330, 'completed_by': 1, 'result': [{'value': {'choices': ['Negative']}, 'id': 'Br1ZwfXnDW', 'from_name': 'sentiment', 'to_name': 'text', 'type': 'choices', 'origin': 'manual'}], 'was_cancelled': False, 'ground_truth': False, 'created_at': '2023-02-27T12:44:24.444336Z', 'updated_at': '2023-02-27T12:44:24.444336Z', 'lead_time': 1.138, 'prediction': {}, 'result_count': 0, 'task': 2505, 'project': 19, 'parent_prediction': None, 'parent_annotation': None}]"
109,"[{'id': 2331, 'completed_by': 1, 'result': [{'value': {'choices': ['Negative']}, 'id': 'SOiqVxifNI', 'from_name': 'sentiment', 'to_name': 'text', 'type': 'choices', 'origin': 'manual'}], 'was_cancelled': False, 'ground_truth': False, 'created_at': '2023-02-27T12:44:25.979015Z', 'updated_at': '2023-02-27T12:44:25.979015Z', 'lead_time': 0.906, 'prediction': {}, 'result_count': 0, 'task': 2506, 'project': 19, 'parent_prediction': None, 'parent_annotation': None}]"
110,"[{'id': 2332, 'completed_by': 1, 'result': [{'value': {'choices': ['Negative']}, 'id': 'DrGHRHgc3J', 'from_name': 'sentiment', 'to_name': 'text', 'type': 'choices', 'origin': 'manual'}], 'was_cancelled': False, 'ground_truth': False, 'created_at': '2023-02-27T12:44:27.645956Z', 'updated_at': '2023-02-27T12:44:27.646976Z', 'lead_time': 0.922, 'prediction': {}, 'result_count': 0, 'task': 2507, 'project': 19, 'parent_prediction': None, 'parent_annotation': None}]"
111,"[{'id': 2333, 'completed_by': 1, 'result': [{'value': {'choices': ['Negative']}, 'id': 'Hd8wrE3RTU', 'from_name': 'sentiment', 'to_name': 'text', 'type': 'choices', 'origin': 'manual'}], 'was_cancelled': False, 'ground_truth': False, 'created_at': '2023-02-27T12:44:29.257359Z', 'updated_at': '2023-02-27T12:44:29.257359Z', 'lead_time': 0.967, 'prediction': {}, 'result_count': 0, 'task': 2508, 'project': 19, 'parent_prediction': None, 'parent_annotation': None}]"
112,"[{'id': 2334, 'completed_by': 1, 'result': [{'value': {'choices': ['Negative']}, 'id': '8VDc0ZQBdz', 'from_name': 'sentiment', 'to_name': 'text', 'type': 'choices', 'origin': 'manual'}], 'was_cancelled': False, 'ground_truth': False, 'created_at': '2023-02-27T12:44:30.843735Z', 'updated_at': '2023-02-27T12:44:30.843735Z', 'lead_time': 0.919, 'prediction': {}, 'result_count': 0, 'task': 2509, 'project': 19, 'parent_prediction': None, 'parent_annotation': None}]"
113,"[{'id': 2335, 'completed_by': 1, 'result': [{'value': {'choices': ['Negative']}, 'id': '3H26-AafnB', 'from_name': 'sentiment', 'to_name': 'text', 'type': 'choices', 'origin': 'manual'}], 'was_cancelled': False, 'ground_truth': False, 'created_at': '2023-02-27T12:44:32.464512Z', 'updated_at': '2023-02-27T12:44:32.464512Z', 'lead_time': 0.845, 'prediction': {}, 'result_count': 0, 'task': 2510, 'project': 19, 'parent_prediction': None, 'parent_annotation': None}]"
114,"[{'id': 2336, 'completed_by': 1, 'result': [{'value': {'choices': ['Positive']}, 'id': 'EHk8zLtiau', 'from_name': 'sentiment', 'to_name': 'text', 'type': 'choices', 'origin': 'manual'}], 'was_cancelled': False, 'ground_truth': False, 'created_at': '2023-02-27T12:44:34.562561Z', 'updated_at': '2023-02-27T12:44:34.562561Z', 'lead_time': 1.37, 'prediction': {}, 'result_count': 0, 'task': 2511, 'project': 19, 'parent_prediction': None, 'parent_annotation': None}]"
115,"[{'id': 2337, 'completed_by': 1, 'result': [{'value': {'choices': ['Positive']}, 'id': 'xAj7Uo_-T6', 'from_name': 'sentiment', 'to_name': 'text', 'type': 'choices', 'origin': 'manual'}], 'was_cancelled': False, 'ground_truth': False, 'created_at': '2023-02-27T12:44:37.081547Z', 'updated_at': '2023-02-27T12:44:37.081547Z', 'lead_time': 1.79, 'prediction': {}, 'result_count': 0, 'task': 2512, 'project': 19, 'parent_prediction': None, 'parent_annotation': None}]"
116,"[{'id': 2338, 'completed_by': 1, 'result': [{'value': {'choices': ['Negative']}, 'id': 'F4zraePyeA', 'from_name': 'sentiment', 'to_name': 'text', 'type': 'choices', 'origin': 'manual'}], 'was_cancelled': False, 'ground_truth': False, 'created_at': '2023-02-27T12:44:41.614076Z', 'updated_at': '2023-02-27T12:44:41.614076Z', 'lead_time': 3.9619999999999997, 'prediction': {}, 'result_count': 0, 'task': 2513, 'project': 19, 'parent_prediction': None, 'parent_annotation': None}]"
117,"[{'id': 2339, 'completed_by': 1, 'result': [{'value': {'choices': ['Positive']}, 'id': 'xXFmjb9fdZ', 'from_name': 'sentiment', 'to_name': 'text', 'type': 'choices', 'origin': 'manual'}], 'was_cancelled': False, 'ground_truth': False, 'created_at': '2023-02-27T12:44:43.314432Z', 'updated_at': '2023-02-27T12:44:43.314432Z', 'lead_time': 0.997, 'prediction': {}, 'result_count': 0, 'task': 2514, 'project': 19, 'parent_prediction': None, 'parent_annotation': None}]"
118,"[{'id': 2340, 'completed_by': 1, 'result': [{'value': {'choices': ['Positive']}, 'id': 'eBp7KV6FjG', 'from_name': 'sentiment', 'to_name': 'text', 'type': 'choices', 'origin': 'manual'}], 'was_cancelled': False, 'ground_truth': False, 'created_at': '2023-02-27T12:44:45.223397Z', 'updated_at': '2023-02-27T12:44:45.223397Z', 'lead_time': 1.18, 'prediction': {}, 'result_count': 0, 'task': 2515, 'project': 19, 'parent_prediction': None, 'parent_annotation': None}]"
119,"[{'id': 2341, 'completed_by': 1, 'result': [{'value': {'choices': ['Positive']}, 'id': 'hLNpvWcDah', 'from_name': 'sentiment', 'to_name': 'text', 'type': 'choices', 'origin': 'manual'}], 'was_cancelled': False, 'ground_truth': False, 'created_at': '2023-02-27T12:44:46.986252Z', 'updated_at': '2023-02-27T12:44:46.986252Z', 'lead_time': 1.03, 'prediction': {}, 'result_count': 0, 'task': 2516, 'project': 19, 'parent_prediction': None, 'parent_annotation': None}]"
120,"[{'id': 2342, 'completed_by': 1, 'result': [{'value': {'choices': ['Positive']}, 'id': '9mA-aAmdZX', 'from_name': 'sentiment', 'to_name': 'text', 'type': 'choices', 'origin': 'manual'}], 'was_cancelled': False, 'ground_truth': False, 'created_at': '2023-02-27T12:44:48.858308Z', 'updated_at': '2023-02-27T12:44:48.858308Z', 'lead_time': 1.226, 'prediction': {}, 'result_count': 0, 'task': 2517, 'project': 19, 'parent_prediction': None, 'parent_annotation': None}]"
121,"[{'id': 2343, 'completed_by': 1, 'result': [{'value': {'choices': ['Positive']}, 'id': 'JWnBG2harG', 'from_name': 'sentiment', 'to_name': 'text', 'type': 'choices', 'origin': 'manual'}], 'was_cancelled': False, 'ground_truth': False, 'created_at': '2023-02-27T12:44:50.770537Z', 'updated_at': '2023-02-27T12:44:50.770537Z', 'lead_time': 1.311, 'prediction': {}, 'result_count': 0, 'task': 2518, 'project': 19, 'parent_prediction': None, 'parent_annotation': None}]"
122,"[{'id': 2344, 'completed_by': 1, 'result': [{'value': {'choices': ['Positive']}, 'id': '5nbZhTs6NT', 'from_name': 'sentiment', 'to_name': 'text', 'type': 'choices', 'origin': 'manual'}], 'was_cancelled': False, 'ground_truth': False, 'created_at': '2023-02-27T12:44:54.879676Z', 'updated_at': '2023-02-27T12:44:54.879676Z', 'lead_time': 3.5, 'prediction': {}, 'result_count': 0, 'task': 2519, 'project': 19, 'parent_prediction': None, 'parent_annotation': None}]"
123,"[{'id': 2345, 'completed_by': 1, 'result': [{'value': {'choices': ['Positive']}, 'id': 'PsY3Za0wf8', 'from_name': 'sentiment', 'to_name': 'text', 'type': 'choices', 'origin': 'manual'}], 'was_cancelled': False, 'ground_truth': False, 'created_at': '2023-02-27T12:44:56.559981Z', 'updated_at': '2023-02-27T12:44:56.559981Z', 'lead_time': 0.971, 'prediction': {}, 'result_count': 0, 'task': 2520, 'project': 19, 'parent_prediction': None, 'parent_annotation': None}]"
124,"[{'id': 2346, 'completed_by': 1, 'result': [{'value': {'choices': ['Negative']}, 'id': 'jDHZ5IZuTl', 'from_name': 'sentiment', 'to_name': 'text', 'type': 'choices', 'origin': 'manual'}], 'was_cancelled': False, 'ground_truth': False, 'created_at': '2023-02-27T12:44:58.619373Z', 'updated_at': '2023-02-27T12:44:58.619373Z', 'lead_time': 1.418, 'prediction': {}, 'result_count': 0, 'task': 2521, 'project': 19, 'parent_prediction': None, 'parent_annotation': None}]"
125,"[{'id': 2347, 'completed_by': 1, 'result': [{'value': {'choices': ['Positive']}, 'id': 'fszX4vnoF8', 'from_name': 'sentiment', 'to_name': 'text', 'type': 'choices', 'origin': 'manual'}], 'was_cancelled': False, 'ground_truth': False, 'created_at': '2023-02-27T12:45:12.872791Z', 'updated_at': '2023-02-27T12:45:12.872791Z', 'lead_time': 13.568, 'prediction': {}, 'result_count': 0, 'task': 2522, 'project': 19, 'parent_prediction': None, 'parent_annotation': None}]"
126,"[{'id': 2348, 'completed_by': 1, 'result': [{'value': {'choices': ['Positive']}, 'id': 'jRYi4zzN81', 'from_name': 'sentiment', 'to_name': 'text', 'type': 'choices', 'origin': 'manual'}], 'was_cancelled': False, 'ground_truth': False, 'created_at': '2023-02-27T12:45:23.679734Z', 'updated_at': '2023-02-27T12:45:23.679734Z', 'lead_time': 10.023, 'prediction': {}, 'result_count': 0, 'task': 2523, 'project': 19, 'parent_prediction': None, 'parent_annotation': None}]"
127,"[{'id': 2349, 'completed_by': 1, 'result': [{'value': {'choices': ['Negative']}, 'id': 'mNI-rWqGXd', 'from_name': 'sentiment', 'to_name': 'text', 'type': 'choices', 'origin': 'manual'}], 'was_cancelled': False, 'ground_truth': False, 'created_at': '2023-02-27T12:45:25.538152Z', 'updated_at': '2023-02-27T12:45:25.538152Z', 'lead_time': 1.175, 'prediction': {}, 'result_count': 0, 'task': 2524, 'project': 19, 'parent_prediction': None, 'parent_annotation': None}]"
128,"[{'id': 2350, 'completed_by': 1, 'result': [{'value': {'choices': ['Positive']}, 'id': '6SgsCYGEZ3', 'from_name': 'sentiment', 'to_name': 'text', 'type': 'choices', 'origin': 'manual'}], 'was_cancelled': False, 'ground_truth': False, 'created_at': '2023-02-27T12:45:27.231470Z', 'updated_at': '2023-02-27T12:45:27.231470Z', 'lead_time': 1.042, 'prediction': {}, 'result_count': 0, 'task': 2525, 'project': 19, 'parent_prediction': None, 'parent_annotation': None}]"
129,"[{'id': 2351, 'completed_by': 1, 'result': [{'value': {'choices': ['Positive']}, 'id': 'zYiZkGIHr0', 'from_name': 'sentiment', 'to_name': 'text', 'type': 'choices', 'origin': 'manual'}], 'was_cancelled': False, 'ground_truth': False, 'created_at': '2023-02-27T12:45:28.813414Z', 'updated_at': '2023-02-27T12:45:28.813414Z', 'lead_time': 0.9470000000000001, 'prediction': {}, 'result_count': 0, 'task': 2526, 'project': 19, 'parent_prediction': None, 'parent_annotation': None}]"
130,"[{'id': 2352, 'completed_by': 1, 'result': [{'value': {'choices': ['Positive']}, 'id': 'S7aMb_NLTI', 'from_name': 'sentiment', 'to_name': 'text', 'type': 'choices', 'origin': 'manual'}], 'was_cancelled': False, 'ground_truth': False, 'created_at': '2023-02-27T12:45:30.704315Z', 'updated_at': '2023-02-27T12:45:30.704315Z', 'lead_time': 1.16, 'prediction': {}, 'result_count': 0, 'task': 2527, 'project': 19, 'parent_prediction': None, 'parent_annotation': None}]"
131,"[{'id': 2353, 'completed_by': 1, 'result': [{'value': {'choices': ['Neutral']}, 'id': 'etRYExpnjP', 'from_name': 'sentiment', 'to_name': 'text', 'type': 'choices', 'origin': 'manual'}], 'was_cancelled': False, 'ground_truth': False, 'created_at': '2023-02-27T12:45:35.098134Z', 'updated_at': '2023-02-27T12:45:35.098134Z', 'lead_time': 3.742, 'prediction': {}, 'result_count': 0, 'task': 2528, 'project': 19, 'parent_prediction': None, 'parent_annotation': None}]"
132,"[{'id': 2354, 'completed_by': 1, 'result': [{'value': {'choices': ['Neutral']}, 'id': 'helaYPV4R7', 'from_name': 'sentiment', 'to_name': 'text', 'type': 'choices', 'origin': 'manual'}], 'was_cancelled': False, 'ground_truth': False, 'created_at': '2023-02-27T12:45:38.737620Z', 'updated_at': '2023-02-27T12:45:38.737620Z', 'lead_time': 2.8970000000000002, 'prediction': {}, 'result_count': 0, 'task': 2529, 'project': 19, 'parent_prediction': None, 'parent_annotation': None}]"
133,"[{'id': 2355, 'completed_by': 1, 'result': [{'value': {'choices': ['Negative']}, 'id': 'Fs8YaBTvzh', 'from_name': 'sentiment', 'to_name': 'text', 'type': 'choices', 'origin': 'manual'}], 'was_cancelled': False, 'ground_truth': False, 'created_at': '2023-02-27T12:45:40.860853Z', 'updated_at': '2023-02-27T12:45:40.860853Z', 'lead_time': 1.434, 'prediction': {}, 'result_count': 0, 'task': 2530, 'project': 19, 'parent_prediction': None, 'parent_annotation': None}]"
134,"[{'id': 2356, 'completed_by': 1, 'result': [{'value': {'choices': ['Positive']}, 'id': '3-DRklaBPq', 'from_name': 'sentiment', 'to_name': 'text', 'type': 'choices', 'origin': 'manual'}], 'was_cancelled': False, 'ground_truth': False, 'created_at': '2023-02-27T12:45:42.554111Z', 'updated_at': '2023-02-27T12:45:42.554111Z', 'lead_time': 1.097, 'prediction': {}, 'result_count': 0, 'task': 2531, 'project': 19, 'parent_prediction': None, 'parent_annotation': None}]"
135,"[{'id': 2357, 'completed_by': 1, 'result': [{'value': {'choices': ['Positive']}, 'id': 'IAixxgShtu', 'from_name': 'sentiment', 'to_name': 'text', 'type': 'choices', 'origin': 'manual'}], 'was_cancelled': False, 'ground_truth': False, 'created_at': '2023-02-27T12:45:46.327737Z', 'updated_at': '2023-02-27T12:45:46.327737Z', 'lead_time': 3.2, 'prediction': {}, 'result_count': 0, 'task': 2532, 'project': 19, 'parent_prediction': None, 'parent_annotation': None}]"
136,"[{'id': 2358, 'completed_by': 1, 'result': [{'value': {'choices': ['Positive']}, 'id': 'IEFMxzWQ1E', 'from_name': 'sentiment', 'to_name': 'text', 'type': 'choices', 'origin': 'manual'}], 'was_cancelled': False, 'ground_truth': False, 'created_at': '2023-02-27T12:45:47.824149Z', 'updated_at': '2023-02-27T12:45:47.824149Z', 'lead_time': 0.9420000000000001, 'prediction': {}, 'result_count': 0, 'task': 2533, 'project': 19, 'parent_prediction': None, 'parent_annotation': None}]"
137,"[{'id': 2359, 'completed_by': 1, 'result': [{'value': {'choices': ['Negative']}, 'id': 'Ui6a_h0hgx', 'from_name': 'sentiment', 'to_name': 'text', 'type': 'choices', 'origin': 'manual'}], 'was_cancelled': False, 'ground_truth': False, 'created_at': '2023-02-27T12:45:49.862882Z', 'updated_at': '2023-02-27T12:45:49.862882Z', 'lead_time': 1.333, 'prediction': {}, 'result_count': 0, 'task': 2534, 'project': 19, 'parent_prediction': None, 'parent_annotation': None}]"
138,"[{'id': 2360, 'completed_by': 1, 'result': [{'value': {'choices': ['Positive']}, 'id': '0-7HL2XQmt', 'from_name': 'sentiment', 'to_name': 'text', 'type': 'choices', 'origin': 'manual'}], 'was_cancelled': False, 'ground_truth': False, 'created_at': '2023-02-27T12:45:52.917855Z', 'updated_at': '2023-02-27T12:45:52.917855Z', 'lead_time': 2.453, 'prediction': {}, 'result_count': 0, 'task': 2535, 'project': 19, 'parent_prediction': None, 'parent_annotation': None}]"
139,"[{'id': 2361, 'completed_by': 1, 'result': [{'value': {'choices': ['Negative']}, 'id': 'njGaZJrOeR', 'from_name': 'sentiment', 'to_name': 'text', 'type': 'choices', 'origin': 'manual'}], 'was_cancelled': False, 'ground_truth': False, 'created_at': '2023-02-27T12:45:54.606827Z', 'updated_at': '2023-02-27T12:45:54.606827Z', 'lead_time': 1.163, 'prediction': {}, 'result_count': 0, 'task': 2536, 'project': 19, 'parent_prediction': None, 'parent_annotation': None}]"
140,"[{'id': 2362, 'completed_by': 1, 'result': [{'value': {'choices': ['Positive']}, 'id': 'CJOo5m7UUi', 'from_name': 'sentiment', 'to_name': 'text', 'type': 'choices', 'origin': 'manual'}], 'was_cancelled': False, 'ground_truth': False, 'created_at': '2023-02-27T12:45:57.068454Z', 'updated_at': '2023-02-27T12:45:57.068454Z', 'lead_time': 1.767, 'prediction': {}, 'result_count': 0, 'task': 2537, 'project': 19, 'parent_prediction': None, 'parent_annotation': None}]"
141,"[{'id': 2363, 'completed_by': 1, 'result': [{'value': {'choices': ['Negative']}, 'id': 'cZKU33rkMB', 'from_name': 'sentiment', 'to_name': 'text', 'type': 'choices', 'origin': 'manual'}], 'was_cancelled': False, 'ground_truth': False, 'created_at': '2023-02-27T12:45:58.933958Z', 'updated_at': '2023-02-27T12:45:58.933958Z', 'lead_time': 1.203, 'prediction': {}, 'result_count': 0, 'task': 2538, 'project': 19, 'parent_prediction': None, 'parent_annotation': None}]"
142,"[{'id': 2364, 'completed_by': 1, 'result': [{'value': {'choices': ['Positive']}, 'id': 'PsX4SR_nGm', 'from_name': 'sentiment', 'to_name': 'text', 'type': 'choices', 'origin': 'manual'}], 'was_cancelled': False, 'ground_truth': False, 'created_at': '2023-02-27T12:46:02.100518Z', 'updated_at': '2023-02-27T12:46:02.100518Z', 'lead_time': 2.59, 'prediction': {}, 'result_count': 0, 'task': 2539, 'project': 19, 'parent_prediction': None, 'parent_annotation': None}]"
143,"[{'id': 2365, 'completed_by': 1, 'result': [{'value': {'choices': ['Neutral']}, 'id': 'zrl__oe1Vz', 'from_name': 'sentiment', 'to_name': 'text', 'type': 'choices', 'origin': 'manual'}], 'was_cancelled': False, 'ground_truth': False, 'created_at': '2023-02-27T12:46:04.112189Z', 'updated_at': '2023-02-27T12:46:04.112189Z', 'lead_time': 1.475, 'prediction': {}, 'result_count': 0, 'task': 2540, 'project': 19, 'parent_prediction': None, 'parent_annotation': None}]"
144,"[{'id': 2366, 'completed_by': 1, 'result': [{'value': {'choices': ['Positive']}, 'id': 'OZo36KN_KK', 'from_name': 'sentiment', 'to_name': 'text', 'type': 'choices', 'origin': 'manual'}], 'was_cancelled': False, 'ground_truth': False, 'created_at': '2023-02-27T12:46:06.201274Z', 'updated_at': '2023-02-27T12:46:06.201274Z', 'lead_time': 1.387, 'prediction': {}, 'result_count': 0, 'task': 2541, 'project': 19, 'parent_prediction': None, 'parent_annotation': None}]"
145,"[{'id': 2367, 'completed_by': 1, 'result': [{'value': {'choices': ['Positive']}, 'id': 'tHoWVY29Uh', 'from_name': 'sentiment', 'to_name': 'text', 'type': 'choices', 'origin': 'manual'}], 'was_cancelled': False, 'ground_truth': False, 'created_at': '2023-02-27T12:46:07.575317Z', 'updated_at': '2023-02-27T12:46:07.577851Z', 'lead_time': 0.8190000000000001, 'prediction': {}, 'result_count': 0, 'task': 2542, 'project': 19, 'parent_prediction': None, 'parent_annotation': None}]"
146,"[{'id': 2368, 'completed_by': 1, 'result': [{'value': {'choices': ['Positive']}, 'id': 'gJWWbOyHuX', 'from_name': 'sentiment', 'to_name': 'text', 'type': 'choices', 'origin': 'manual'}], 'was_cancelled': False, 'ground_truth': False, 'created_at': '2023-02-27T12:46:09.343852Z', 'updated_at': '2023-02-27T12:46:09.343852Z', 'lead_time': 1.05, 'prediction': {}, 'result_count': 0, 'task': 2543, 'project': 19, 'parent_prediction': None, 'parent_annotation': None}]"
147,"[{'id': 2369, 'completed_by': 1, 'result': [{'value': {'choices': ['Negative']}, 'id': 'd4wQJx2kTv', 'from_name': 'sentiment', 'to_name': 'text', 'type': 'choices', 'origin': 'manual'}], 'was_cancelled': False, 'ground_truth': False, 'created_at': '2023-02-27T12:46:11.884608Z', 'updated_at': '2023-02-27T12:46:11.884608Z', 'lead_time': 1.155, 'prediction': {}, 'result_count': 0, 'task': 2544, 'project': 19, 'parent_prediction': None, 'parent_annotation': None}]"
148,"[{'id': 2370, 'completed_by': 1, 'result': [{'value': {'choices': ['Positive']}, 'id': 'aMEBrsOrCo', 'from_name': 'sentiment', 'to_name': 'text', 'type': 'choices', 'origin': 'manual'}], 'was_cancelled': False, 'ground_truth': False, 'created_at': '2023-02-27T12:46:14.826518Z', 'updated_at': '2023-02-27T12:46:14.826518Z', 'lead_time': 1.9580000000000002, 'prediction': {}, 'result_count': 0, 'task': 2545, 'project': 19, 'parent_prediction': None, 'parent_annotation': None}]"
149,"[{'id': 2371, 'completed_by': 1, 'result': [{'value': {'choices': ['Positive']}, 'id': 'iAJaHonxV3', 'from_name': 'sentiment', 'to_name': 'text', 'type': 'choices', 'origin': 'manual'}], 'was_cancelled': False, 'ground_truth': False, 'created_at': '2023-02-27T12:46:24.424439Z', 'updated_at': '2023-02-27T12:46:24.424439Z', 'lead_time': 8.127, 'prediction': {}, 'result_count': 0, 'task': 2546, 'project': 19, 'parent_prediction': None, 'parent_annotation': None}]"
150,"[{'id': 2372, 'completed_by': 1, 'result': [{'value': {'choices': ['Positive']}, 'id': 'RZWKVDCkc9', 'from_name': 'sentiment', 'to_name': 'text', 'type': 'choices', 'origin': 'manual'}], 'was_cancelled': False, 'ground_truth': False, 'created_at': '2023-02-27T12:46:26.194273Z', 'updated_at': '2023-02-27T12:46:26.194273Z', 'lead_time': 1.142, 'prediction': {}, 'result_count': 0, 'task': 2547, 'project': 19, 'parent_prediction': None, 'parent_annotation': None}]"
151,"[{'id': 2373, 'completed_by': 1, 'result': [{'value': {'choices': ['Negative']}, 'id': 'Fy2YMUqDnq', 'from_name': 'sentiment', 'to_name': 'text', 'type': 'choices', 'origin': 'manual'}], 'was_cancelled': False, 'ground_truth': False, 'created_at': '2023-02-27T12:46:28.273745Z', 'updated_at': '2023-02-27T12:46:28.273745Z', 'lead_time': 1.392, 'prediction': {}, 'result_count': 0, 'task': 2548, 'project': 19, 'parent_prediction': None, 'parent_annotation': None}]"
152,"[{'id': 2374, 'completed_by': 1, 'result': [{'value': {'choices': ['Positive']}, 'id': '008YrCvETB', 'from_name': 'sentiment', 'to_name': 'text', 'type': 'choices', 'origin': 'manual'}], 'was_cancelled': False, 'ground_truth': False, 'created_at': '2023-02-27T12:46:30.171862Z', 'updated_at': '2023-02-27T12:46:30.171862Z', 'lead_time': 1.325, 'prediction': {}, 'result_count': 0, 'task': 2549, 'project': 19, 'parent_prediction': None, 'parent_annotation': None}]"
153,"[{'id': 2375, 'completed_by': 1, 'result': [{'value': {'choices': ['Positive']}, 'id': 'gzzSiyjIqF', 'from_name': 'sentiment', 'to_name': 'text', 'type': 'choices', 'origin': 'manual'}], 'was_cancelled': False, 'ground_truth': False, 'created_at': '2023-02-27T12:46:32.104028Z', 'updated_at': '2023-02-27T12:46:32.104028Z', 'lead_time': 1.231, 'prediction': {}, 'result_count': 0, 'task': 2550, 'project': 19, 'parent_prediction': None, 'parent_annotation': None}]"
154,"[{'id': 2376, 'completed_by': 1, 'result': [{'value': {'choices': ['Negative']}, 'id': '4jiRWsFwjj', 'from_name': 'sentiment', 'to_name': 'text', 'type': 'choices', 'origin': 'manual'}], 'was_cancelled': False, 'ground_truth': False, 'created_at': '2023-02-27T12:46:33.811280Z', 'updated_at': '2023-02-27T12:46:33.811280Z', 'lead_time': 1.062, 'prediction': {}, 'result_count': 0, 'task': 2551, 'project': 19, 'parent_prediction': None, 'parent_annotation': None}]"
155,"[{'id': 2377, 'completed_by': 1, 'result': [{'value': {'choices': ['Negative']}, 'id': 'yDU5e3S_WI', 'from_name': 'sentiment', 'to_name': 'text', 'type': 'choices', 'origin': 'manual'}], 'was_cancelled': False, 'ground_truth': False, 'created_at': '2023-02-27T12:46:35.632952Z', 'updated_at': '2023-02-27T12:46:35.632952Z', 'lead_time': 0.994, 'prediction': {}, 'result_count': 0, 'task': 2552, 'project': 19, 'parent_prediction': None, 'parent_annotation': None}]"
156,"[{'id': 2378, 'completed_by': 1, 'result': [{'value': {'choices': ['Neutral']}, 'id': 'MaA8QsQAQL', 'from_name': 'sentiment', 'to_name': 'text', 'type': 'choices', 'origin': 'manual'}], 'was_cancelled': False, 'ground_truth': False, 'created_at': '2023-02-27T12:46:38.148704Z', 'updated_at': '2023-02-27T12:46:38.148704Z', 'lead_time': 1.8599999999999999, 'prediction': {}, 'result_count': 0, 'task': 2553, 'project': 19, 'parent_prediction': None, 'parent_annotation': None}]"
157,"[{'id': 2379, 'completed_by': 1, 'result': [{'value': {'choices': ['Negative']}, 'id': 'kuHzSgtWRA', 'from_name': 'sentiment', 'to_name': 'text', 'type': 'choices', 'origin': 'manual'}], 'was_cancelled': False, 'ground_truth': False, 'created_at': '2023-02-27T12:46:39.901012Z', 'updated_at': '2023-02-27T12:46:39.901012Z', 'lead_time': 1.211, 'prediction': {}, 'result_count': 0, 'task': 2554, 'project': 19, 'parent_prediction': None, 'parent_annotation': None}]"
158,"[{'id': 2380, 'completed_by': 1, 'result': [{'value': {'choices': ['Positive']}, 'id': 'kXV5MWs5al', 'from_name': 'sentiment', 'to_name': 'text', 'type': 'choices', 'origin': 'manual'}], 'was_cancelled': False, 'ground_truth': False, 'created_at': '2023-02-27T12:46:42.872293Z', 'updated_at': '2023-02-27T12:46:42.872293Z', 'lead_time': 1.963, 'prediction': {}, 'result_count': 0, 'task': 2555, 'project': 19, 'parent_prediction': None, 'parent_annotation': None}]"
159,"[{'id': 2381, 'completed_by': 1, 'result': [{'value': {'choices': ['Negative']}, 'id': 'hhS2mSGJ-C', 'from_name': 'sentiment', 'to_name': 'text', 'type': 'choices', 'origin': 'manual'}], 'was_cancelled': False, 'ground_truth': False, 'created_at': '2023-02-27T12:46:44.895272Z', 'updated_at': '2023-02-27T12:46:44.895272Z', 'lead_time': 1.284, 'prediction': {}, 'result_count': 0, 'task': 2556, 'project': 19, 'parent_prediction': None, 'parent_annotation': None}]"
160,"[{'id': 2382, 'completed_by': 1, 'result': [{'value': {'choices': ['Positive']}, 'id': '7LS0asDpUv', 'from_name': 'sentiment', 'to_name': 'text', 'type': 'choices', 'origin': 'manual'}], 'was_cancelled': False, 'ground_truth': False, 'created_at': '2023-02-27T12:46:46.936715Z', 'updated_at': '2023-02-27T12:46:46.936715Z', 'lead_time': 1.307, 'prediction': {}, 'result_count': 0, 'task': 2557, 'project': 19, 'parent_prediction': None, 'parent_annotation': None}]"
161,"[{'id': 2383, 'completed_by': 1, 'result': [{'value': {'choices': ['Positive']}, 'id': 'i0LAJ-gMRV', 'from_name': 'sentiment', 'to_name': 'text', 'type': 'choices', 'origin': 'manual'}], 'was_cancelled': False, 'ground_truth': False, 'created_at': '2023-02-27T12:47:14.899604Z', 'updated_at': '2023-02-27T12:47:14.899604Z', 'lead_time': 27.229, 'prediction': {}, 'result_count': 0, 'task': 2558, 'project': 19, 'parent_prediction': None, 'parent_annotation': None}]"
162,"[{'id': 2384, 'completed_by': 1, 'result': [{'value': {'choices': ['Negative']}, 'id': 'w5dGn0x6xV', 'from_name': 'sentiment', 'to_name': 'text', 'type': 'choices', 'origin': 'manual'}], 'was_cancelled': False, 'ground_truth': False, 'created_at': '2023-02-27T12:47:16.934035Z', 'updated_at': '2023-02-27T12:47:16.934035Z', 'lead_time': 1.307, 'prediction': {}, 'result_count': 0, 'task': 2559, 'project': 19, 'parent_prediction': None, 'parent_annotation': None}]"
163,"[{'id': 2385, 'completed_by': 1, 'result': [{'value': {'choices': ['Negative']}, 'id': '5qAo8It3pD', 'from_name': 'sentiment', 'to_name': 'text', 'type': 'choices', 'origin': 'manual'}], 'was_cancelled': False, 'ground_truth': False, 'created_at': '2023-02-27T12:47:18.772736Z', 'updated_at': '2023-02-27T12:47:18.772736Z', 'lead_time': 1.211, 'prediction': {}, 'result_count': 0, 'task': 2560, 'project': 19, 'parent_prediction': None, 'parent_annotation': None}]"
164,"[{'id': 2386, 'completed_by': 1, 'result': [{'value': {'choices': ['Positive']}, 'id': 'jeBfb5P0U6', 'from_name': 'sentiment', 'to_name': 'text', 'type': 'choices', 'origin': 'manual'}], 'was_cancelled': False, 'ground_truth': False, 'created_at': '2023-02-27T12:47:20.536809Z', 'updated_at': '2023-02-27T12:47:20.536809Z', 'lead_time': 1.196, 'prediction': {}, 'result_count': 0, 'task': 2561, 'project': 19, 'parent_prediction': None, 'parent_annotation': None}]"
165,"[{'id': 2387, 'completed_by': 1, 'result': [{'value': {'choices': ['Positive']}, 'id': 'F0ICPrdYiX', 'from_name': 'sentiment', 'to_name': 'text', 'type': 'choices', 'origin': 'manual'}], 'was_cancelled': False, 'ground_truth': False, 'created_at': '2023-02-27T12:47:25.555263Z', 'updated_at': '2023-02-27T12:47:25.555263Z', 'lead_time': 4.366, 'prediction': {}, 'result_count': 0, 'task': 2562, 'project': 19, 'parent_prediction': None, 'parent_annotation': None}]"
166,"[{'id': 2388, 'completed_by': 1, 'result': [{'value': {'choices': ['Positive']}, 'id': 'tyV8Vx6fP3', 'from_name': 'sentiment', 'to_name': 'text', 'type': 'choices', 'origin': 'manual'}], 'was_cancelled': False, 'ground_truth': False, 'created_at': '2023-02-27T12:47:28.433702Z', 'updated_at': '2023-02-27T12:47:28.433702Z', 'lead_time': 2.31, 'prediction': {}, 'result_count': 0, 'task': 2563, 'project': 19, 'parent_prediction': None, 'parent_annotation': None}]"
167,"[{'id': 2389, 'completed_by': 1, 'result': [{'value': {'choices': ['Negative']}, 'id': '8uNkORfhZ6', 'from_name': 'sentiment', 'to_name': 'text', 'type': 'choices', 'origin': 'manual'}], 'was_cancelled': False, 'ground_truth': False, 'created_at': '2023-02-27T12:47:30.189359Z', 'updated_at': '2023-02-27T12:47:30.189359Z', 'lead_time': 1.211, 'prediction': {}, 'result_count': 0, 'task': 2564, 'project': 19, 'parent_prediction': None, 'parent_annotation': None}]"
168,"[{'id': 2390, 'completed_by': 1, 'result': [{'value': {'choices': ['Negative']}, 'id': 'CMHF3NWK9H', 'from_name': 'sentiment', 'to_name': 'text', 'type': 'choices', 'origin': 'manual'}], 'was_cancelled': False, 'ground_truth': False, 'created_at': '2023-02-27T12:47:32.000946Z', 'updated_at': '2023-02-27T12:47:32.000946Z', 'lead_time': 1.075, 'prediction': {}, 'result_count': 0, 'task': 2565, 'project': 19, 'parent_prediction': None, 'parent_annotation': None}]"
169,"[{'id': 2391, 'completed_by': 1, 'result': [{'value': {'choices': ['Negative']}, 'id': '6AH7E6XO7E', 'from_name': 'sentiment', 'to_name': 'text', 'type': 'choices', 'origin': 'manual'}], 'was_cancelled': False, 'ground_truth': False, 'created_at': '2023-02-27T12:47:33.625522Z', 'updated_at': '2023-02-27T12:47:33.625522Z', 'lead_time': 0.962, 'prediction': {}, 'result_count': 0, 'task': 2566, 'project': 19, 'parent_prediction': None, 'parent_annotation': None}]"
170,"[{'id': 2392, 'completed_by': 1, 'result': [{'value': {'choices': ['Positive']}, 'id': 'Sl-ETAU8Ei', 'from_name': 'sentiment', 'to_name': 'text', 'type': 'choices', 'origin': 'manual'}], 'was_cancelled': False, 'ground_truth': False, 'created_at': '2023-02-27T12:47:36.045891Z', 'updated_at': '2023-02-27T12:47:36.045891Z', 'lead_time': 1.484, 'prediction': {}, 'result_count': 0, 'task': 2567, 'project': 19, 'parent_prediction': None, 'parent_annotation': None}]"
171,"[{'id': 2393, 'completed_by': 1, 'result': [{'value': {'choices': ['Positive']}, 'id': 'r79cCKuKaJ', 'from_name': 'sentiment', 'to_name': 'text', 'type': 'choices', 'origin': 'manual'}], 'was_cancelled': False, 'ground_truth': False, 'created_at': '2023-02-27T12:47:38.617938Z', 'updated_at': '2023-02-27T12:47:38.617938Z', 'lead_time': 1.8439999999999999, 'prediction': {}, 'result_count': 0, 'task': 2568, 'project': 19, 'parent_prediction': None, 'parent_annotation': None}]"
172,"[{'id': 2394, 'completed_by': 1, 'result': [{'value': {'choices': ['Positive']}, 'id': 'rE2V-T1VY9', 'from_name': 'sentiment', 'to_name': 'text', 'type': 'choices', 'origin': 'manual'}], 'was_cancelled': False, 'ground_truth': False, 'created_at': '2023-02-27T12:47:40.374173Z', 'updated_at': '2023-02-27T12:47:40.374173Z', 'lead_time': 1.106, 'prediction': {}, 'result_count': 0, 'task': 2569, 'project': 19, 'parent_prediction': None, 'parent_annotation': None}]"
173,"[{'id': 2395, 'completed_by': 1, 'result': [{'value': {'choices': ['Positive']}, 'id': 'W7MolbUm_H', 'from_name': 'sentiment', 'to_name': 'text', 'type': 'choices', 'origin': 'manual'}], 'was_cancelled': False, 'ground_truth': False, 'created_at': '2023-02-27T12:47:41.841184Z', 'updated_at': '2023-02-27T12:47:41.841184Z', 'lead_time': 0.847, 'prediction': {}, 'result_count': 0, 'task': 2570, 'project': 19, 'parent_prediction': None, 'parent_annotation': None}]"
174,"[{'id': 2396, 'completed_by': 1, 'result': [{'value': {'choices': ['Positive']}, 'id': 'JL92JmG9SL', 'from_name': 'sentiment', 'to_name': 'text', 'type': 'choices', 'origin': 'manual'}], 'was_cancelled': False, 'ground_truth': False, 'created_at': '2023-02-27T12:47:43.229691Z', 'updated_at': '2023-02-27T12:47:43.229691Z', 'lead_time': 0.841, 'prediction': {}, 'result_count': 0, 'task': 2571, 'project': 19, 'parent_prediction': None, 'parent_annotation': None}]"
175,"[{'id': 2397, 'completed_by': 1, 'result': [{'value': {'choices': ['Positive']}, 'id': 'KWIHGkMMFp', 'from_name': 'sentiment', 'to_name': 'text', 'type': 'choices', 'origin': 'manual'}], 'was_cancelled': False, 'ground_truth': False, 'created_at': '2023-02-27T12:47:46.437893Z', 'updated_at': '2023-02-27T12:47:46.437893Z', 'lead_time': 2.598, 'prediction': {}, 'result_count': 0, 'task': 2572, 'project': 19, 'parent_prediction': None, 'parent_annotation': None}]"
176,"[{'id': 2398, 'completed_by': 1, 'result': [{'value': {'choices': ['Negative']}, 'id': 'AuP_K0U-bj', 'from_name': 'sentiment', 'to_name': 'text', 'type': 'choices', 'origin': 'manual'}], 'was_cancelled': False, 'ground_truth': False, 'created_at': '2023-02-27T12:47:56.356105Z', 'updated_at': '2023-02-27T12:47:56.356105Z', 'lead_time': 9.15, 'prediction': {}, 'result_count': 0, 'task': 2573, 'project': 19, 'parent_prediction': None, 'parent_annotation': None}]"
177,"[{'id': 2399, 'completed_by': 1, 'result': [{'value': {'choices': ['Positive']}, 'id': 'r2XEq1PV67', 'from_name': 'sentiment', 'to_name': 'text', 'type': 'choices', 'origin': 'manual'}], 'was_cancelled': False, 'ground_truth': False, 'created_at': '2023-02-27T12:47:58.413899Z', 'updated_at': '2023-02-27T12:47:58.413899Z', 'lead_time': 1.355, 'prediction': {}, 'result_count': 0, 'task': 2574, 'project': 19, 'parent_prediction': None, 'parent_annotation': None}]"
178,"[{'id': 2400, 'completed_by': 1, 'result': [{'value': {'choices': ['Negative']}, 'id': 'W6ZFXo-Ujo', 'from_name': 'sentiment', 'to_name': 'text', 'type': 'choices', 'origin': 'manual'}], 'was_cancelled': False, 'ground_truth': False, 'created_at': '2023-02-27T12:48:00.296189Z', 'updated_at': '2023-02-27T12:48:00.296189Z', 'lead_time': 1.032, 'prediction': {}, 'result_count': 0, 'task': 2575, 'project': 19, 'parent_prediction': None, 'parent_annotation': None}]"
179,"[{'id': 2401, 'completed_by': 1, 'result': [{'value': {'choices': ['Positive']}, 'id': 'MmxgScoSsU', 'from_name': 'sentiment', 'to_name': 'text', 'type': 'choices', 'origin': 'manual'}], 'was_cancelled': False, 'ground_truth': False, 'created_at': '2023-02-27T12:48:03.216726Z', 'updated_at': '2023-02-27T12:48:03.216726Z', 'lead_time': 2.295, 'prediction': {}, 'result_count': 0, 'task': 2576, 'project': 19, 'parent_prediction': None, 'parent_annotation': None}]"
180,"[{'id': 2402, 'completed_by': 1, 'result': [{'value': {'choices': ['Positive']}, 'id': 'cMff3QxCeM', 'from_name': 'sentiment', 'to_name': 'text', 'type': 'choices', 'origin': 'manual'}], 'was_cancelled': False, 'ground_truth': False, 'created_at': '2023-02-27T12:48:04.732740Z', 'updated_at': '2023-02-27T12:48:04.735278Z', 'lead_time': 1.004, 'prediction': {}, 'result_count': 0, 'task': 2577, 'project': 19, 'parent_prediction': None, 'parent_annotation': None}]"
181,"[{'id': 2403, 'completed_by': 1, 'result': [{'value': {'choices': ['Positive']}, 'id': 'ApfuJDzw2j', 'from_name': 'sentiment', 'to_name': 'text', 'type': 'choices', 'origin': 'manual'}], 'was_cancelled': False, 'ground_truth': False, 'created_at': '2023-02-27T12:48:16.338025Z', 'updated_at': '2023-02-27T12:48:16.338025Z', 'lead_time': 10.898, 'prediction': {}, 'result_count': 0, 'task': 2578, 'project': 19, 'parent_prediction': None, 'parent_annotation': None}]"
182,"[{'id': 2404, 'completed_by': 1, 'result': [{'value': {'choices': ['Positive']}, 'id': '9nVHcAXtVZ', 'from_name': 'sentiment', 'to_name': 'text', 'type': 'choices', 'origin': 'manual'}], 'was_cancelled': False, 'ground_truth': False, 'created_at': '2023-02-27T12:48:17.823820Z', 'updated_at': '2023-02-27T12:48:17.823820Z', 'lead_time': 1.185, 'prediction': {}, 'result_count': 0, 'task': 2579, 'project': 19, 'parent_prediction': None, 'parent_annotation': None}]"
183,"[{'id': 2405, 'completed_by': 1, 'result': [{'value': {'choices': ['Negative']}, 'id': 'tM2l2uEISu', 'from_name': 'sentiment', 'to_name': 'text', 'type': 'choices', 'origin': 'manual'}], 'was_cancelled': False, 'ground_truth': False, 'created_at': '2023-02-27T12:48:19.381014Z', 'updated_at': '2023-02-27T12:48:19.381014Z', 'lead_time': 1.149, 'prediction': {}, 'result_count': 0, 'task': 2580, 'project': 19, 'parent_prediction': None, 'parent_annotation': None}]"
184,"[{'id': 2406, 'completed_by': 1, 'result': [{'value': {'choices': ['Positive']}, 'id': 'Oc8WfOJxgI', 'from_name': 'sentiment', 'to_name': 'text', 'type': 'choices', 'origin': 'manual'}], 'was_cancelled': False, 'ground_truth': False, 'created_at': '2023-02-27T12:48:20.915250Z', 'updated_at': '2023-02-27T12:48:20.915250Z', 'lead_time': 1.234, 'prediction': {}, 'result_count': 0, 'task': 2581, 'project': 19, 'parent_prediction': None, 'parent_annotation': None}]"
185,"[{'id': 2407, 'completed_by': 1, 'result': [{'value': {'choices': ['Negative']}, 'id': '-sI-QFQZ3E', 'from_name': 'sentiment', 'to_name': 'text', 'type': 'choices', 'origin': 'manual'}], 'was_cancelled': False, 'ground_truth': False, 'created_at': '2023-02-27T12:48:22.287866Z', 'updated_at': '2023-02-27T12:48:22.287866Z', 'lead_time': 1.079, 'prediction': {}, 'result_count': 0, 'task': 2582, 'project': 19, 'parent_prediction': None, 'parent_annotation': None}]"
186,"[{'id': 2408, 'completed_by': 1, 'result': [{'value': {'choices': ['Positive']}, 'id': 'wmDSE0MuZd', 'from_name': 'sentiment', 'to_name': 'text', 'type': 'choices', 'origin': 'manual'}], 'was_cancelled': False, 'ground_truth': False, 'created_at': '2023-02-27T12:48:23.657511Z', 'updated_at': '2023-02-27T12:48:23.657511Z', 'lead_time': 1.092, 'prediction': {}, 'result_count': 0, 'task': 2583, 'project': 19, 'parent_prediction': None, 'parent_annotation': None}]"
187,"[{'id': 2409, 'completed_by': 1, 'result': [{'value': {'choices': ['Positive']}, 'id': '62dikbCnQy', 'from_name': 'sentiment', 'to_name': 'text', 'type': 'choices', 'origin': 'manual'}], 'was_cancelled': False, 'ground_truth': False, 'created_at': '2023-02-27T12:48:24.933169Z', 'updated_at': '2023-02-27T12:48:24.933169Z', 'lead_time': 0.975, 'prediction': {}, 'result_count': 0, 'task': 2584, 'project': 19, 'parent_prediction': None, 'parent_annotation': None}]"
188,"[{'id': 2410, 'completed_by': 1, 'result': [{'value': {'choices': ['Positive']}, 'id': 'D9tteByU_o', 'from_name': 'sentiment', 'to_name': 'text', 'type': 'choices', 'origin': 'manual'}], 'was_cancelled': False, 'ground_truth': False, 'created_at': '2023-02-27T12:48:25.947977Z', 'updated_at': '2023-02-27T12:48:25.947977Z', 'lead_time': 0.747, 'prediction': {}, 'result_count': 0, 'task': 2585, 'project': 19, 'parent_prediction': None, 'parent_annotation': None}]"
189,"[{'id': 2411, 'completed_by': 1, 'result': [{'value': {'choices': ['Positive']}, 'id': 'yLfP09Kasd', 'from_name': 'sentiment', 'to_name': 'text', 'type': 'choices', 'origin': 'manual'}], 'was_cancelled': False, 'ground_truth': False, 'created_at': '2023-02-27T12:48:27.011406Z', 'updated_at': '2023-02-27T12:48:27.011406Z', 'lead_time': 0.779, 'prediction': {}, 'result_count': 0, 'task': 2586, 'project': 19, 'parent_prediction': None, 'parent_annotation': None}]"
190,"[{'id': 2412, 'completed_by': 1, 'result': [{'value': {'choices': ['Neutral']}, 'id': '9ujVnZ9v4v', 'from_name': 'sentiment', 'to_name': 'text', 'type': 'choices', 'origin': 'manual'}], 'was_cancelled': False, 'ground_truth': False, 'created_at': '2023-02-27T12:48:28.659347Z', 'updated_at': '2023-02-27T12:48:28.659347Z', 'lead_time': 1.3679999999999999, 'prediction': {}, 'result_count': 0, 'task': 2587, 'project': 19, 'parent_prediction': None, 'parent_annotation': None}]"
191,"[{'id': 2413, 'completed_by': 1, 'result': [{'value': {'choices': ['Positive']}, 'id': 'JzbfqnmG8K', 'from_name': 'sentiment', 'to_name': 'text', 'type': 'choices', 'origin': 'manual'}], 'was_cancelled': False, 'ground_truth': False, 'created_at': '2023-02-27T12:48:30.237235Z', 'updated_at': '2023-02-27T12:48:30.237235Z', 'lead_time': 1.297, 'prediction': {}, 'result_count': 0, 'task': 2588, 'project': 19, 'parent_prediction': None, 'parent_annotation': None}]"
192,"[{'id': 2414, 'completed_by': 1, 'result': [{'value': {'choices': ['Negative']}, 'id': 'Wk6aaA4l4U', 'from_name': 'sentiment', 'to_name': 'text', 'type': 'choices', 'origin': 'manual'}], 'was_cancelled': False, 'ground_truth': False, 'created_at': '2023-02-27T12:48:31.651752Z', 'updated_at': '2023-02-27T12:48:31.651752Z', 'lead_time': 1.139, 'prediction': {}, 'result_count': 0, 'task': 2589, 'project': 19, 'parent_prediction': None, 'parent_annotation': None}]"
193,"[{'id': 2415, 'completed_by': 1, 'result': [{'value': {'choices': ['Negative']}, 'id': 'pioA3iqlDk', 'from_name': 'sentiment', 'to_name': 'text', 'type': 'choices', 'origin': 'manual'}], 'was_cancelled': False, 'ground_truth': False, 'created_at': '2023-02-27T12:48:33.445599Z', 'updated_at': '2023-02-27T12:48:33.445599Z', 'lead_time': 1.525, 'prediction': {}, 'result_count': 0, 'task': 2590, 'project': 19, 'parent_prediction': None, 'parent_annotation': None}]"
194,"[{'id': 2416, 'completed_by': 1, 'result': [{'value': {'choices': ['Negative']}, 'id': 'L44_k3-Es4', 'from_name': 'sentiment', 'to_name': 'text', 'type': 'choices', 'origin': 'manual'}], 'was_cancelled': False, 'ground_truth': False, 'created_at': '2023-02-27T12:48:35.606451Z', 'updated_at': '2023-02-27T12:48:35.606451Z', 'lead_time': 1.8820000000000001, 'prediction': {}, 'result_count': 0, 'task': 2591, 'project': 19, 'parent_prediction': None, 'parent_annotation': None}]"
195,"[{'id': 2417, 'completed_by': 1, 'result': [{'value': {'choices': ['Neutral']}, 'id': 'l56s_xvdsL', 'from_name': 'sentiment', 'to_name': 'text', 'type': 'choices', 'origin': 'manual'}], 'was_cancelled': False, 'ground_truth': False, 'created_at': '2023-02-27T12:48:37.597679Z', 'updated_at': '2023-02-27T12:48:37.597679Z', 'lead_time': 1.702, 'prediction': {}, 'result_count': 0, 'task': 2592, 'project': 19, 'parent_prediction': None, 'parent_annotation': None}]"
196,"[{'id': 2418, 'completed_by': 1, 'result': [{'value': {'choices': ['Negative']}, 'id': 'ghOu8H1Cn3', 'from_name': 'sentiment', 'to_name': 'text', 'type': 'choices', 'origin': 'manual'}], 'was_cancelled': False, 'ground_truth': False, 'created_at': '2023-02-27T12:48:39.412889Z', 'updated_at': '2023-02-27T12:48:39.412889Z', 'lead_time': 1.451, 'prediction': {}, 'result_count': 0, 'task': 2593, 'project': 19, 'parent_prediction': None, 'parent_annotation': None}]"
197,"[{'id': 2419, 'completed_by': 1, 'result': [{'value': {'choices': ['Negative']}, 'id': 'qkYFDALpkI', 'from_name': 'sentiment', 'to_name': 'text', 'type': 'choices', 'origin': 'manual'}], 'was_cancelled': False, 'ground_truth': False, 'created_at': '2023-02-27T12:48:40.842985Z', 'updated_at': '2023-02-27T12:48:40.842985Z', 'lead_time': 1.101, 'prediction': {}, 'result_count': 0, 'task': 2594, 'project': 19, 'parent_prediction': None, 'parent_annotation': None}]"
198,"[{'id': 2420, 'completed_by': 1, 'result': [{'value': {'choices': ['Negative']}, 'id': 'zOkEl1Viwc', 'from_name': 'sentiment', 'to_name': 'text', 'type': 'choices', 'origin': 'manual'}], 'was_cancelled': False, 'ground_truth': False, 'created_at': '2023-02-27T12:48:42.087325Z', 'updated_at': '2023-02-27T12:48:42.087325Z', 'lead_time': 0.904, 'prediction': {}, 'result_count': 0, 'task': 2595, 'project': 19, 'parent_prediction': None, 'parent_annotation': None}]"
199,"[{'id': 2421, 'completed_by': 1, 'result': [{'value': {'choices': ['Negative']}, 'id': 'Wuyvl0sq5g', 'from_name': 'sentiment', 'to_name': 'text', 'type': 'choices', 'origin': 'manual'}], 'was_cancelled': False, 'ground_truth': False, 'created_at': '2023-02-27T12:48:43.808556Z', 'updated_at': '2023-02-27T12:48:43.808556Z', 'lead_time': 1.149, 'prediction': {}, 'result_count': 0, 'task': 2596, 'project': 19, 'parent_prediction': None, 'parent_annotation': None}]"
