text,like_count,username,annotator,retweet_count,Unnamed: 0,lead_time,annotation_id,updated_at,sentiment,created_at,id
Dulu tinggal di desa, orang tua bikin rumah di tengah sawah malah ‚Äî di satu bagian yang dikeringkan. Mereka bertani‚Ä¶ https://t.co/WnIbrb0uwb,382,dsuperboy,1,9,0,1.547,2222,2023-02-27T07:12:01.609001Z,Negative,2023-02-27T07:12:01.609001Z,2397
Kerja keras buat beli waras.,3865,dsuperboy,1,1478,1,0.783,2223,2023-02-27T07:12:02.815791Z,Positive,2023-02-27T07:12:02.815791Z,2398
@Yan_Djainady üôèüèª,0,dsuperboy,1,0,2,1.162,2224,2023-02-27T07:12:05.868367Z,Neutral,2023-02-27T07:12:03.674418Z,2399
Awal tahun menandatangani 2 kontrak kerjasama dengan penerbit Sigikata. Tahun ini kami berencana menerbitkan 2 judu‚Ä¶ https://t.co/e2sgCuspTJ,296,dsuperboy,1,4,3,1.087,2225,2023-02-27T07:12:08.794027Z,Negative,2023-02-27T07:12:08.794027Z,2400
@elisanina19 üôèüèª,47,dsuperboy,1,0,4,1.676,2226,2023-02-27T07:12:10.872303Z,Neutral,2023-02-27T07:12:10.872303Z,2401
https://t.co/OmZHGIzraH,853,dsuperboy,1,77,5,0.888,2227,2023-02-27T07:12:12.041125Z,Negative,2023-02-27T07:12:12.041125Z,2402
Aku tidak kalah, aku hanya sedang mengambil jeda. Membiarkan udara berembus di sekitarku. Mengumpulkan energi dan m‚Ä¶ https://t.co/RDfF8EWd5s,4567,dsuperboy,1,1404,6,1.049,2228,2023-02-27T07:12:13.346077Z,Negative,2023-02-27T07:12:13.346077Z,2403
Alasan lain ke Bukittinggi. https://t.co/kDizjaqyTJ,1136,dsuperboy,1,50,7,0.703,2229,2023-02-27T07:12:14.324695Z,Negative,2023-02-27T07:12:14.324695Z,2404
Satu dari banyak alasan ke Bukittinggi. https://t.co/Fz6q1sMU1p,894,dsuperboy,1,42,8,0.672,2230,2023-02-27T07:12:15.266542Z,Negative,2023-02-27T07:12:15.266542Z,2405
@otongkoil Yang penting nggak pakai dukun :(,261,dsuperboy,1,8,9,0.801,2231,2023-02-27T07:12:16.321977Z,Positive,2023-02-27T07:12:16.321977Z,2406
https://t.co/P44JXzDlnr,5904,dsuperboy,1,1222,10,0.796,2232,2023-02-27T07:12:17.377620Z,Negative,2023-02-27T07:12:17.377620Z,2407
Masih sayang, cuma udah nggak berharap buat bersama lagi.,8519,dsuperboy,1,2394,11,0.693,2233,2023-02-27T07:12:18.317006Z,Positive,2023-02-27T07:12:18.317006Z,2408
Emang beneran kalau kaki kita sering kesemutan itu gara-gara nggak sengaja pernah memakan semut?,975,dsuperboy,1,62,12,0.805,2234,2023-02-27T07:12:19.389984Z,Positive,2023-02-27T07:12:19.389984Z,2409
Apa efek memakan semut?,1732,dsuperboy,1,72,13,0.539,2235,2023-02-27T07:12:20.222981Z,Positive,2023-02-27T07:12:20.222981Z,2410
Nanti jika aku tidak kembali, sungguh aku pernah bersungguh-sungguh di sana. Sungguh aku pernah setotal itu memberi‚Ä¶ https://t.co/N3d75SnzQ2,5385,dsuperboy,1,2063,14,1.153,2236,2023-02-27T07:12:22.566885Z,Negative,2023-02-27T07:12:22.566885Z,2411
Tetaplah hidup meski sepanjang tahun kau harus begadang.,4550,dsuperboy,1,896,15,0.797,2237,2023-02-27T07:12:24.015274Z,Positive,2023-02-27T07:12:24.015274Z,2412
Aku mungkin bisa terlihat biasa saja di hadapanmu. Tetap terlihat tenang. Tidak membahas apa pun soal perasaan. Mes‚Ä¶ https://t.co/XoBHjCaeb3,2456,dsuperboy,1,665,16,0.871,2238,2023-02-27T07:12:25.672406Z,Negative,2023-02-27T07:12:25.672406Z,2413
Nggak usah ngayal ketinggian pukul segini bang. ü•π https://t.co/UQcGvgZgaP,218,dsuperboy,1,10,17,1.36,2239,2023-02-27T07:12:29.304371Z,Negative,2023-02-27T07:12:29.304371Z,2414
Begadang itu enggak sehat. Udah tahu, tapi masih aja dilakukan. Begitulah diriku.,3183,dsuperboy,1,681,18,2.369,2240,2023-02-27T07:12:31.965072Z,Positive,2023-02-27T07:12:31.965072Z,2415
@convomf Makan,124,dsuperboy,1,3,19,1.101,2241,2023-02-27T07:12:33.329138Z,Positive,2023-02-27T07:12:33.329138Z,2416
https://t.co/SBJBkg5mT1,411,dsuperboy,1,1,20,0.753,2242,2023-02-27T07:12:34.348636Z,Negative,2023-02-27T07:12:34.348636Z,2417
@tanyakanrl karena aku sering cari video ikan, brand baju (lagi belajar, mau punya brand baju), sama lagi suka mant‚Ä¶ https://t.co/oQZrUnt5K8,333,dsuperboy,1,8,21,0.841,2243,2023-02-27T07:12:35.460362Z,Negative,2023-02-27T07:12:35.460362Z,2418
@tanyarlfes Nder, aku juga sering kecewa sama harapanku sendiri nder. Banyak doa juga belum dikabulkan. Sering berp‚Ä¶ https://t.co/RBlWTgnxFV,3325,dsuperboy,1,661,22,0.613,2244,2023-02-27T07:12:36.349950Z,Negative,2023-02-27T07:12:36.349950Z,2419
Nikah yuk.

Mau lanjut S2.

Setelah nikah kan bisa.

Boleh?

Kenapa enggak?

Sebulan setelah nikah, doi lanjut S2.‚Ä¶ https://t.co/DpawOTzZc6,6696,dsuperboy,1,282,23,0.947,2245,2023-02-27T07:12:37.559852Z,Negative,2023-02-27T07:12:37.559852Z,2420
Mau nikah di KUA doang, mau resepsi sederhana, mau nikah resepsi mewah. Ya, nggak apa-apa. Defenisi bahagia tiap or‚Ä¶ https://t.co/5g8L5Sa0x6,9647,dsuperboy,1,4292,24,0.768,2246,2023-02-27T07:12:38.592697Z,Negative,2023-02-27T07:12:38.592697Z,2421
@viyool üôèüèª,58,dsuperboy,1,1,25,11.311,2247,2023-02-27T11:51:27.697334Z,Neutral,2023-02-27T07:12:40.169590Z,2422
Belajar bahagia melihat orang lain bahagia. Meski ukuran bahagia mereka tak sama dengan kita.,4663,dsuperboy,1,1420,26,1.434,2248,2023-02-27T07:12:41.859270Z,Positive,2023-02-27T07:12:41.859270Z,2423
Enak ya hobi dibayar. Padahal yang dibayar itu bukan hanya hobi semata, ada investasi waktu, latihan, tenaga, prose‚Ä¶ https://t.co/kM5nNCKKIy,1009,dsuperboy,1,153,27,0.765,2249,2023-02-27T07:12:43.024155Z,Negative,2023-02-27T07:12:43.024155Z,2424
@kegblgnunfaedh Gak ada nder. Aku udah terlalu banyak dosa :(,7922,dsuperboy,1,225,28,0.667,2250,2023-02-27T07:12:43.960964Z,Positive,2023-02-27T07:12:43.960964Z,2425
Orang lain boleh tidak suka padamu. Tidak mungkin mengendalikan perasaan mereka. Namun kamu juga boleh tidak member‚Ä¶ https://t.co/AsPwBLZIft,3284,dsuperboy,1,1062,29,1.054,2251,2023-02-27T07:12:45.553933Z,Negative,2023-02-27T07:12:45.553933Z,2426
Sedang banyak cemasnya.,7108,dsuperboy,1,3075,30,0.657,2252,2023-02-27T07:12:46.545505Z,Positive,2023-02-27T07:12:46.545505Z,2427
Di tengah sebuah kota, ada seseorang yang tiba-tiba menangis.  Ia juga tidak mengerti, tapi air mata dari tangis it‚Ä¶ https://t.co/YM6OnF6V8I,2643,dsuperboy,1,787,31,2.026,2253,2023-02-27T07:12:50.078219Z,Negative,2023-02-27T07:12:47.805279Z,2428
@FOOD_FESS Durian,159,dsuperboy,1,0,32,1.009,2254,2023-02-27T07:12:51.904969Z,Positive,2023-02-27T07:12:51.904969Z,2429
Lagi fase minder sama banyak hal.  Semoga segera selesai fase ini.  :),7179,dsuperboy,1,3046,33,4.016,2255,2023-02-27T11:46:12.423111Z,Positive,2023-02-27T11:46:12.423111Z,2430
@dayatpiliang Aslinya dayat emang cwk kak. Aku pernah ketemu.,95,dsuperboy,1,0,34,75.054,2256,2023-02-27T11:47:28.009543Z,Positive,2023-02-27T11:47:28.009543Z,2431
Sebulan lagilah ya. https://t.co/QjqeRvIsKf,451,dsuperboy,1,12,35,2.4,2257,2023-02-27T11:47:30.911088Z,Negative,2023-02-27T11:47:30.911088Z,2432
Kenapa ya mahasiswa harus ngekos segala? Padahal kan bisa bawa tenda aja.,5981,dsuperboy,1,500,36,2.033,2258,2023-02-27T11:55:23.032796Z,Positive,2023-02-27T11:55:23.032796Z,2433
Membeli kursi dan meja yang sama dengan yang ada di kopisop langganan, biar berasa ada di kopisop saat kerja di rum‚Ä¶ https://t.co/ZZDsTCwNhA,484,dsuperboy,1,25,37,2.083,2259,2023-02-27T11:55:25.730328Z,Negative,2023-02-27T11:55:25.730328Z,2434
Selamat siang orang-orang yang kangen diri sendiri.,5025,dsuperboy,1,1139,38,1.737,2260,2023-02-27T11:55:28.193428Z,Positive,2023-02-27T11:55:28.193428Z,2435
Orang Indonesia emang nggak bisa dihentikan. Gegara banyak yang omelin nenek-nenek mandi lumpur, sekarang mereka ga‚Ä¶ https://t.co/gdj8tF9goc,828,dsuperboy,1,26,39,1.414,2261,2023-02-27T11:55:30.251260Z,Negative,2023-02-27T11:55:30.251260Z,2436
Setelah perjalanan jauh itu tubuh pulang memanglah harus disiapkan. Jika tidak, biarlah tenggelam di lautan. Rantau‚Ä¶ https://t.co/nDX4urp0nD,1083,dsuperboy,1,162,40,1.132,2262,2023-02-27T11:55:32.199470Z,Negative,2023-02-27T11:55:32.199470Z,2437
Ada saatnya bikin dulu aja. Andalkan kemampuan yang ada. Sembari belajar ini itu. Sebab kalau ditunggu hebat dulu,‚Ä¶ https://t.co/b26DhFbGP6,1210,dsuperboy,1,264,41,1.449,2263,2023-02-27T11:55:34.169880Z,Negative,2023-02-27T11:55:34.169880Z,2438
Jangan jahat-jahat, aku mudah melupakanmu.,5166,dsuperboy,1,1215,42,1.349,2264,2023-02-27T11:55:36.130155Z,Positive,2023-02-27T11:55:36.130155Z,2439
@convomf Ajak ngobrol, ntar kalau udah kenal juga akrab.,486,dsuperboy,1,14,43,1.411,2265,2023-02-27T11:55:38.115551Z,Positive,2023-02-27T11:55:38.115551Z,2440
Ada cerita apa hari ini?,4295,dsuperboy,1,390,44,2.132,2266,2023-02-27T11:55:40.795024Z,Positive,2023-02-27T11:55:40.795024Z,2441
Jarang ngetwit tapi tetap rajin memantau.,3325,dsuperboy,1,585,45,0.934,2267,2023-02-27T11:55:42.342813Z,Positive,2023-02-27T11:55:42.342813Z,2442
Tidurlah, biar hujan mulai reda.,2431,dsuperboy,1,475,46,1.697,2268,2023-02-27T11:55:44.619259Z,Positive,2023-02-27T11:55:44.619259Z,2443
@Askrlfess Jadi penulis buku penuh waktu di Indonesia,574,dsuperboy,1,16,47,1.386,2269,2023-02-27T11:55:46.563641Z,Positive,2023-02-27T11:55:46.563641Z,2444
https://t.co/aZEcyuDQTM,2512,dsuperboy,1,518,48,1.376,2270,2023-02-27T11:55:48.427690Z,Negative,2023-02-27T11:55:48.427690Z,2445
Maaf, aku banyak tanya.,3976,dsuperboy,1,1010,49,1.16,2271,2023-02-27T11:55:50.129515Z,Positive,2023-02-27T11:55:50.129515Z,2446
@tanyakanrl Rambutan. Ini rambutnya kamu cabutin satu satu nder.,1776,dsuperboy,1,6,50,1.569,2272,2023-02-27T11:55:52.314090Z,Positive,2023-02-27T11:55:52.314090Z,2447
@Askrlfess ü•π,341,dsuperboy,1,8,51,2.061,2273,2023-02-27T11:55:55.031393Z,Neutral,2023-02-27T11:55:55.031393Z,2448
Apakah kamu masih tertarik ikut organisasi kampus / komunitas seni?,895,dsuperboy,1,26,52,2.043,2274,2023-02-27T11:55:57.690130Z,Positive,2023-02-27T11:55:57.690130Z,2449
@convomf Lele kering / lele asap. Masaknya gampang, bisa pakai mejicom. Bumbunya cuma cabe + garam/ penyedap rasa +‚Ä¶ https://t.co/xzZaiKfmj8,134,dsuperboy,1,0,53,1.474,2275,2023-02-27T11:55:59.800937Z,Negative,2023-02-27T11:55:59.800937Z,2450
Kamu belum tidur juga?,2010,dsuperboy,1,158,54,1.325,2276,2023-02-27T11:56:01.796979Z,Positive,2023-02-27T11:56:01.796979Z,2451
Belajar demi mengisi masa mudamu sebaik-baiknya. Nikmati petualangan-petualangan terbaik dalam pikiranmu. Rayakan h‚Ä¶ https://t.co/Z6OYlGcVuO,1894,dsuperboy,1,480,55,1.339,2277,2023-02-27T11:56:03.865332Z,Negative,2023-02-27T11:56:03.865332Z,2452
terbit februari 2023. https://t.co/H2nyoXBkhj,2004,dsuperboy,1,513,56,2.303,2278,2023-02-27T11:56:06.845939Z,Negative,2023-02-27T11:56:06.845939Z,2453
@hadixalwi Trobos aja bangsat. Singkatnya, gitu kira-kira, pren.,15,dsuperboy,1,1,57,233.068,2279,2023-02-27T12:00:00.557807Z,Negative,2023-02-27T12:00:00.557807Z,2454
Aku akan tetap menikmati arus hidup ini, akan tetap mengejar yang aku mau, meski menurutmu semua ini sia-sia saja.,2529,dsuperboy,1,724,58,3.693,2280,2023-02-27T12:00:04.874297Z,Positive,2023-02-27T12:00:04.874297Z,2455
Untuk diriku; kita selalu punya alasan untuk meneruskan hidup ini. Jika pun suatu hari kamu merasa tidak punya alas‚Ä¶ https://t.co/CXeptrSAlm,8586,dsuperboy,1,4206,59,1.879,2281,2023-02-27T12:00:07.392644Z,Negative,2023-02-27T12:00:07.392644Z,2456
Sering bicara sama diri sendiri karena kadang hanya diri sendiri yang bisa jadi tempat bercerita hal-hal tertentu.,6543,dsuperboy,1,2368,60,43.691,2282,2023-02-27T12:00:51.692160Z,Positive,2023-02-27T12:00:51.692160Z,2457
Ambil jeda beberapa saat dari hal-hal yang melelahkan itu. Beri jarak  sejenak agar tidak jadi racun dalam dirimu.‚Ä¶ https://t.co/axJMrsJ0B6,2348,dsuperboy,1,837,61,1.977,2283,2023-02-27T12:00:54.945605Z,Negative,2023-02-27T12:00:54.945605Z,2458
Masih kagum sama ikan ini. https://t.co/OJlCtB3Fkg,456,dsuperboy,1,12,62,1.33,2284,2023-02-27T12:00:57.546678Z,Negative,2023-02-27T12:00:57.546678Z,2459
laporan terlambat dari lokasi kejadian. https://t.co/CcGuhHRAuZ,463,dsuperboy,1,9,63,1.404,2285,2023-02-27T12:01:00.761795Z,Negative,2023-02-27T12:01:00.761795Z,2460
Di tempatmu ini namanya ikan apa? https://t.co/HxD9Sijhw7,860,dsuperboy,1,23,64,1.573,2286,2023-02-27T12:01:04.483382Z,Negative,2023-02-27T12:01:04.483382Z,2461
Laporan langsung dari tempat kejadian perkara: https://t.co/iddqrUSdzg,813,dsuperboy,1,20,65,1.459,2287,2023-02-27T12:01:09.247966Z,Negative,2023-02-27T12:01:09.247966Z,2462
Orang Indonesia emang ajaib. Diomelin live mandi lumpur, sekarang malah pada live mandi bola wqwqwqq bangsat ada-ada aja ü§£,4784,dsuperboy,1,335,66,1.419,2288,2023-02-27T12:01:11.266674Z,Positive,2023-02-27T12:01:11.266674Z,2463
Menunggu batrai hape habis, menunggu overthinking reda.,2965,dsuperboy,1,471,67,1.042,2289,2023-02-27T12:01:12.919075Z,Positive,2023-02-27T12:01:12.919075Z,2464
Selama ini yang ngedukungmu kan juga orang-orang asing. Apa yang kamu bikin, karya-karyamu diapresiasi orang asing.‚Ä¶ https://t.co/cT5m27suHB,1217,dsuperboy,1,108,68,1.212,2290,2023-02-27T12:01:14.695522Z,Negative,2023-02-27T12:01:14.695522Z,2465
Sudah lama tidak, sudah saatnya diulang. https://t.co/OwoNH5mCMJ,213,dsuperboy,1,4,69,1.286,2291,2023-02-27T12:01:16.593619Z,Negative,2023-02-27T12:01:16.593619Z,2466
Sudah lama tidak memancing ikan. Besok akan pergi memancing ikan dan semoga dapat banyak.,723,dsuperboy,1,20,70,2.254,2292,2023-02-27T12:01:19.482712Z,Positive,2023-02-27T12:01:19.482712Z,2467
Makin dewasa kadang bekerja bukan soal mengikuti suasana hati, tapi bekerja karena tahu diri.,5282,dsuperboy,1,1391,71,0.978,2293,2023-02-27T12:01:20.971260Z,Positive,2023-02-27T12:01:20.971260Z,2468
Sampai kapan sembunyi dengan topeng orang asing?,3882,dsuperboy,1,456,72,2.088,2294,2023-02-27T12:01:23.556324Z,Positive,2023-02-27T12:01:23.552326Z,2469
@tanyarlfes Nder, lepasin cowok itu. Dia berhak bahagia tanpa kamu.,2869,dsuperboy,1,161,73,1.376,2295,2023-02-27T12:01:25.434289Z,Positive,2023-02-27T12:01:25.434289Z,2470
Kamu kangen ya sama dirimu sendiri?,44834,dsuperboy,1,12986,74,1.474,2296,2023-02-27T12:01:27.668277Z,Positive,2023-02-27T12:01:27.668277Z,2471
setiap malam 
kau tidur di kasur
tapi kau selalu
merasa tenggelam

kau merasa kasur
menelanmu bulat
kau merasa warn‚Ä¶ https://t.co/3OFsMlWl1S,1443,dsuperboy,1,175,75,1.472,2297,2023-02-27T12:01:29.780199Z,Negative,2023-02-27T12:01:29.780199Z,2472
https://t.co/7gw9w5KGG7,6884,dsuperboy,1,1401,76,1.332,2298,2023-02-27T12:01:31.776176Z,Negative,2023-02-27T12:01:31.776176Z,2473
Sebatas sayang lalu menghilang. Seolah memiliki padahal hanya ilusi.,4782,dsuperboy,1,1077,77,2.232,2299,2023-02-27T12:01:34.521489Z,Positive,2023-02-27T12:01:34.521489Z,2474
Tidurlah. Udah mau pagi.,2769,dsuperboy,1,290,78,1.763,2300,2023-02-27T12:01:36.844453Z,Positive,2023-02-27T12:01:36.844453Z,2475
Menggeser jam kerja ke larut malam biar bisa tidur pagi.,867,dsuperboy,1,61,79,1.247,2301,2023-02-27T12:01:38.738007Z,Positive,2023-02-27T12:01:38.738007Z,2476
@tvkang_baper ü´£,73,dsuperboy,1,1,80,5.343,2302,2023-02-27T12:01:44.666026Z,Neutral,2023-02-27T12:01:44.666026Z,2477
Kau mungkin bisa menciptakan atap dan tembok untuk menghentikan laju air. Tapi kau tidak pernah bisa menghilangkan‚Ä¶ https://t.co/jbXjNwmVSb,1548,dsuperboy,1,273,81,1.554,2303,2023-02-27T12:01:46.825161Z,Negative,2023-02-27T12:01:46.825161Z,2478
Bahkan yang mandi lumpur juga diundang ke televisi nasional. Apa yang mau diharapkan dari fenomena ini di televisi?‚Ä¶ https://t.co/lijALG0VEQ,340,dsuperboy,1,24,82,2.175,2304,2023-02-27T12:01:49.543892Z,Negative,2023-02-27T12:01:49.543892Z,2479
Yang bisa menegur platform itu ya pemerintah. Seperti yang pernah dilakukan sebelumnya dan cukup efektif. Mereka pu‚Ä¶ https://t.co/z5UMZgq4oZ,304,dsuperboy,1,11,83,1.24,2305,2023-02-27T12:01:51.273813Z,Negative,2023-02-27T12:01:51.273813Z,2480
Aplikasi yang menyediakan dan membiarkan konten live mandi lumpur di platformnya, berarti sengaja membiarkan hal it‚Ä¶ https://t.co/ZoEMOjRD3s,797,dsuperboy,1,56,84,1.144,2306,2023-02-27T12:01:53.104995Z,Negative,2023-02-27T12:01:53.104995Z,2481
@idakrswr_ No debat,12,dsuperboy,1,0,85,9.566,2307,2023-02-27T12:02:03.326981Z,Positive,2023-02-27T12:02:03.326981Z,2482
@milkychocollate https://t.co/zaBFbXZCXh,88,dsuperboy,1,1,86,1.197,2308,2023-02-27T12:02:05.200931Z,Negative,2023-02-27T12:02:05.200931Z,2483
Semua gorengan bisa dimakan pakai nasi. No debat.,5566,dsuperboy,1,481,87,1.58,2309,2023-02-27T12:02:07.353244Z,Positive,2023-02-27T12:02:07.353244Z,2484
Menu rangkap. https://t.co/9IlyS0fOSX,1169,dsuperboy,1,24,88,1.222,2310,2023-02-27T12:02:09.252567Z,Negative,2023-02-27T12:02:09.252567Z,2485
Selamat buat yang sudah masuk tahap dewasa mulai tidak meminta uang orangtua lagi. Selamat menikmati hidup dari aro‚Ä¶ https://t.co/g5DVpLIDNt,9101,dsuperboy,1,2587,89,1.594,2311,2023-02-27T12:02:11.478284Z,Negative,2023-02-27T12:02:11.477173Z,2486
Selain jadi fotografer pribadi, sekarang tugas cowok nambah lagi, jadi cctv pribadi. Ini siapa yang bikin trend sih.,761,dsuperboy,1,40,90,1.708,2312,2023-02-27T12:02:13.814431Z,Positive,2023-02-27T12:02:13.814431Z,2487
"Namamu Bahagia kan?
"Iya, kenapa?"
"Itulah alasan kupilih kamu."
"Tapi nama panjangku masih ada."
"Apa?"
"Bahagia Jika Tidak Denganmu.",1658,dsuperboy,1,184,91,2.199,2313,2023-02-27T12:02:16.725770Z,Positive,2023-02-27T12:02:16.725770Z,2488
Tidak semua nasihat di internet cocok untukmu. Pilih-pilih juga lah. Biar nggak makin stress.,2710,dsuperboy,1,608,92,1.857,2314,2023-02-27T12:02:19.354193Z,Positive,2023-02-27T12:02:19.354193Z,2489
Kita yang paling tahu siapa diri kita itu harus dimulai dengan sadar diri dulu. Kalau enggak sadar diri, biasanya k‚Ä¶ https://t.co/AwIuzZgLRT,2528,dsuperboy,1,739,93,1.355,2315,2023-02-27T12:02:21.468352Z,Negative,2023-02-27T12:02:21.468352Z,2490
Kayaknya semut ngerti deh apa yang aku omongin.,2366,dsuperboy,1,312,94,3.119,2316,2023-02-27T12:29:14.170310Z,Positive,2023-02-27T12:29:14.170310Z,2491
~ Kamu mau nggak hidup susah sama aku?

+ Nggak. Kamu aja sendiri. Aku udah alumni.,2952,dsuperboy,1,596,95,2.594,2317,2023-02-27T12:29:17.364223Z,Positive,2023-02-27T12:29:17.364223Z,2492
~ Mau nggak hidup susah sama aku?

+ Nggak, dari dulu udah hidup susah soalnya. Masa susah terus?,1289,dsuperboy,1,243,96,1.009,2318,2023-02-27T12:29:19.046442Z,Positive,2023-02-27T12:29:19.046442Z,2493
Terima kasih kreator tutorial di youtube. Jasamu abadi.,515,dsuperboy,1,30,97,2.387,2319,2023-02-27T12:43:54.162024Z,Positive,2023-02-27T12:43:54.162024Z,2494
@tanyakanrl üêá,278,dsuperboy,1,3,98,2.087,2320,2023-02-27T12:43:56.955967Z,Neutral,2023-02-27T12:43:56.955967Z,2495
Ngapain sih orang-orang dini hari malah mikirin impian? Aneh banget. Bukannya tidur, malah mikir. Nggak bosan apa.,1685,dsuperboy,1,162,99,1.776,2321,2023-02-27T12:43:59.280186Z,Positive,2023-02-27T12:43:59.280186Z,2496
@tanyakanrl Kalau saat ini kayaknya enggak dulu sih. Karena lagi capek sama banyak hal. Belum siap merespons hal-ha‚Ä¶ https://t.co/9LPf9BCEMs,1126,dsuperboy,1,100,100,1.603,2322,2023-02-27T12:44:01.439897Z,Negative,2023-02-27T12:44:01.439897Z,2497
@sayurnuss S1 gue kuliah sambil kerja (ditambah biaya orangtua), kuliah lanjutannya, gue kuliah dengan biaya sendir‚Ä¶ https://t.co/glAJ6isN2b,9,dsuperboy,1,0,101,1.886,2323,2023-02-27T12:44:03.840932Z,Negative,2023-02-27T12:44:03.840932Z,2498
Uang memang penting, tapi melakukan pekerjaan yang memang kau cintai adalah nikmat hidup.,3241,dsuperboy,1,814,102,7.358,2324,2023-02-27T12:44:11.740152Z,Positive,2023-02-27T12:44:11.740152Z,2499
Coba bantu jawab.,33,dsuperboy,1,1,103,2.558,2325,2023-02-27T12:44:14.792253Z,Positive,2023-02-27T12:44:14.792253Z,2500
Kamu masih suka pakai pin peniti seperti ini kah? https://t.co/n8a1Dwc9CA,165,dsuperboy,1,6,104,1.269,2326,2023-02-27T12:44:16.692574Z,Negative,2023-02-27T12:44:16.692574Z,2501
@merdisupergiant üôèüèª,0,dsuperboy,1,0,105,1.716,2327,2023-02-27T12:44:19.169291Z,Neutral,2023-02-27T12:44:19.169291Z,2502
Kalau yakin kamu adalah penulis yang patut diperhitungkan. Kamu yakin kamu adalah penulis yang layak diapresiasi. T‚Ä¶ https://t.co/vDGAYtl5vt,371,dsuperboy,1,46,106,1.143,2328,2023-02-27T12:44:20.843656Z,Negative,2023-02-27T12:44:20.843656Z,2503
Tidak perlu ribut hanya karena ada fenomena buku yang menurutmu nggak seleramu tapi terbit. Di industri kita hal be‚Ä¶ https://t.co/BIXVfYacz6,279,dsuperboy,1,14,107,1.04,2329,2023-02-27T12:44:22.561296Z,Negative,2023-02-27T12:44:22.561296Z,2504
Pembaca hari ini tidak semua punya waktu untuk menemukanmu. Terlalu deras arus informasi setiap  hari. Kalau kamu ‚Äî‚Ä¶ https://t.co/y1OhuuezT2,247,dsuperboy,1,18,108,1.138,2330,2023-02-27T12:44:24.444336Z,Negative,2023-02-27T12:44:24.444336Z,2505
Kalau mentok diperdebatan sastra vs bukan sastra. Puisi vs bukan puisi. Dunia akan bergerak terus. Pilihan hiburan‚Ä¶ https://t.co/dfX6C02V0r,196,dsuperboy,1,10,109,0.906,2331,2023-02-27T12:44:25.979015Z,Negative,2023-02-27T12:44:25.979015Z,2506
Tantangan buku hari ini bukan hanya buku lain, penulis lain, genre lain, sastra vs bukan sastra. Tantangan buku har‚Ä¶ https://t.co/2rDihJJi75,162,dsuperboy,1,9,110,0.922,2332,2023-02-27T12:44:27.646976Z,Negative,2023-02-27T12:44:27.645956Z,2507
Jadi penulis di Indonesia emang harus pandai-pandai mengelola rasa kecewa, kalau enggak, ya kecewa mulu sama indust‚Ä¶ https://t.co/znjjJkFzz0,213,dsuperboy,1,19,111,0.967,2333,2023-02-27T12:44:29.257359Z,Negative,2023-02-27T12:44:29.257359Z,2508
Syarat pertama jadi penulis: kamu harus cinta banget sama pekerjaanmu. Kalau enggak, kamu akan capek banget. Energi‚Ä¶ https://t.co/xyUu8xCFkQ,490,dsuperboy,1,52,112,0.919,2334,2023-02-27T12:44:30.843735Z,Negative,2023-02-27T12:44:30.843735Z,2509
Dunia kepenulisan itu emang keras. Kadang emang nggak masuk akal. Kalau emang nggak kuat sama kenyataan-kenyataan y‚Ä¶ https://t.co/5sfb6fX7PR,344,dsuperboy,1,21,113,0.845,2335,2023-02-27T12:44:32.464512Z,Negative,2023-02-27T12:44:32.464512Z,2510
Ada saatnya serius. Ada saatnya becanda. Ada saatnya menghindar. Ada saatnya trobos ajalah, bodoamat.,7377,dsuperboy,1,2370,114,1.37,2336,2023-02-27T12:44:34.562561Z,Positive,2023-02-27T12:44:34.562561Z,2511
@tanyakanrl Sesekali coba tukar posisi aja. :),1232,dsuperboy,1,77,115,1.79,2337,2023-02-27T12:44:37.081547Z,Positive,2023-02-27T12:44:37.081547Z,2512
Diingatin buat nabung, kamu malah lawan dengan kata sedekah. Seolah orang nabung nggak lagi bersedekah. Padahal, na‚Ä¶ https://t.co/y5NShfUFIv,541,dsuperboy,1,84,116,3.962,2338,2023-02-27T12:44:41.614076Z,Negative,2023-02-27T12:44:41.614076Z,2513
Sebetulnya aku tuh selalu bangun pagi, tapi pemanasan dulu sampai siang, sadarnya baru siang hari.,1409,dsuperboy,1,255,117,0.997,2339,2023-02-27T12:44:43.314432Z,Positive,2023-02-27T12:44:43.314432Z,2514
@rrrrrruto Ya juga ya,0,dsuperboy,1,0,118,1.18,2340,2023-02-27T12:44:45.223397Z,Positive,2023-02-27T12:44:45.223397Z,2515
Halo, diriku. Kenapa bangun siang lagi sih?,1122,dsuperboy,1,104,119,1.03,2341,2023-02-27T12:44:46.986252Z,Positive,2023-02-27T12:44:46.986252Z,2516
Makin tua ambisi makin kurang tapi kebutuhan makin banyak. Alasan yang cukup buat kamu selagi muda kerja keras dan nabung.,1386,dsuperboy,1,296,120,1.226,2342,2023-02-27T12:44:48.858308Z,Positive,2023-02-27T12:44:48.858308Z,2517
Pulang-pulang capek.,5366,dsuperboy,1,1330,121,1.311,2343,2023-02-27T12:44:50.770537Z,Positive,2023-02-27T12:44:50.770537Z,2518
@Askrlfess Aku masih 19 tahun ternyata ü•≤,627,dsuperboy,1,54,122,3.5,2344,2023-02-27T12:44:54.879676Z,Positive,2023-02-27T12:44:54.879676Z,2519
Pernah merasa sama dalam banyak hal sampai akhirnya sadar kita hanya merasa sama, tidak benar-benar sama.,2293,dsuperboy,1,432,123,0.971,2345,2023-02-27T12:44:56.559981Z,Positive,2023-02-27T12:44:56.559981Z,2520
Kamu selalu merasa lebih besar dibanding yang lain. Kamu mengenal mereka dengan baik, sementara mereka tidak mengen‚Ä¶ https://t.co/AOD0dakn8F,967,dsuperboy,1,135,124,1.418,2346,2023-02-27T12:44:58.619373Z,Negative,2023-02-27T12:44:58.619373Z,2521
Kalau kamu diberi kesempatan hidup di semesta lain, kamu ingin hidup sebagai apa?,8945,dsuperboy,1,634,125,13.568,2347,2023-02-27T12:45:12.872791Z,Positive,2023-02-27T12:45:12.872791Z,2522
Bukannya tidur malah mikirin kehidupan di semesta lain. Aneh banget jadi orang.,1665,dsuperboy,1,304,126,10.023,2348,2023-02-27T12:45:23.679734Z,Positive,2023-02-27T12:45:23.679734Z,2523
Katanya nasa nemu planet baru mirip bumi. Jadi semesta lain itu emang ada? Apakah di masa depan, manusia bukan hany‚Ä¶ https://t.co/38VXUK30uC,1473,dsuperboy,1,133,127,1.175,2349,2023-02-27T12:45:25.538152Z,Negative,2023-02-27T12:45:25.538152Z,2524
Istirahatlah, tidak perlu memaksakan diri mengikuti zaman. Jika dengan begitu yang tercipta hanya masalah baru untuk dirimu.,1232,dsuperboy,1,245,128,1.042,2350,2023-02-27T12:45:27.231470Z,Positive,2023-02-27T12:45:27.231470Z,2525
Hantu dalam pikiran selalu sibuk di larut malam. Merusak jam tidurmu.,1801,dsuperboy,1,338,129,0.947,2351,2023-02-27T12:45:28.813414Z,Positive,2023-02-27T12:45:28.813414Z,2526
Nggak ngantuk?,1112,dsuperboy,1,54,130,1.16,2352,2023-02-27T12:45:30.704315Z,Positive,2023-02-27T12:45:30.704315Z,2527
@18discourse üôèüèª,31,dsuperboy,1,1,131,3.742,2353,2023-02-27T12:45:35.098134Z,Neutral,2023-02-27T12:45:35.098134Z,2528
@Roza_lusi üôèüèª,26,dsuperboy,1,0,132,2.897,2354,2023-02-27T12:45:38.737620Z,Neutral,2023-02-27T12:45:38.737620Z,2529
Hewan-hewan durhaka, dikutuk jadi batu sama ibunya. Mentang-mentang udah kaya dan dapat istri cantik di rantau, pak‚Ä¶ https://t.co/5wIGbsgaTc,380,dsuperboy,1,11,133,1.434,2355,2023-02-27T12:45:40.860853Z,Negative,2023-02-27T12:45:40.860853Z,2530
Sampai saat temanmu tidak percaya kalau kamu enggak punya duit, padahal emang nggak lagi punya duit.,3068,dsuperboy,1,623,134,1.097,2356,2023-02-27T12:45:42.554111Z,Positive,2023-02-27T12:45:42.554111Z,2531
@Uyas_Alqorni Mau curi start,1,dsuperboy,1,0,135,3.2,2357,2023-02-27T12:45:46.327737Z,Positive,2023-02-27T12:45:46.327737Z,2532
Bentar, mau beli kursi baru.,348,dsuperboy,1,4,136,0.942,2358,2023-02-27T12:45:47.824149Z,Positive,2023-02-27T12:45:47.824149Z,2533
Sekarang persaingan anak sekolah sepertinya bukan soal juara kelas lagi, tapi juga seberapa mahal dan enak bekal da‚Ä¶ https://t.co/E0Il0bTJ5X,967,dsuperboy,1,83,137,1.333,2359,2023-02-27T12:45:49.862882Z,Negative,2023-02-27T12:45:49.862882Z,2534
Enggak semua orang harus paham apa yang kamu bikin. Enggak semua orang harus mampu memahami apa yang ada dalam kepalamu.,3366,dsuperboy,1,1053,138,2.453,2360,2023-02-27T12:45:52.917855Z,Positive,2023-02-27T12:45:52.917855Z,2535
Segala sesuatu ada durasinya. Seumur daun sebelum gugur. Serupa kursi di meja kerja yang akhirnya patah. Seperti ki‚Ä¶ https://t.co/QS3fTw0E1z,1663,dsuperboy,1,433,139,1.163,2361,2023-02-27T12:45:54.606827Z,Negative,2023-02-27T12:45:54.606827Z,2536
Sudah lima tahun, mungkin udah saatnya ganti kursi.,159,dsuperboy,1,4,140,1.767,2362,2023-02-27T12:45:57.068454Z,Positive,2023-02-27T12:45:57.068454Z,2537
üíî https://t.co/Ar7nK6Jboa,229,dsuperboy,1,1,141,1.203,2363,2023-02-27T12:45:58.933958Z,Negative,2023-02-27T12:45:58.933958Z,2538
Mau bikin apalagi ya buat isi hidup. Biar tetap seru gitu.,2952,dsuperboy,1,669,142,2.59,2364,2023-02-27T12:46:02.100518Z,Positive,2023-02-27T12:46:02.100518Z,2539
@Anom273 üôèüèªüôèüèª,24,dsuperboy,1,0,143,1.475,2365,2023-02-27T12:46:04.112189Z,Neutral,2023-02-27T12:46:04.112189Z,2540
Terlalu sibuk mengurusi orang lain sampai diri sendiri udah jadi hutan.,1590,dsuperboy,1,286,144,1.387,2366,2023-02-27T12:46:06.201274Z,Positive,2023-02-27T12:46:06.201274Z,2541
Sudahkah kau mengirim chat ke whatsappmu sendiri hari ini?,5635,dsuperboy,1,386,145,0.819,2367,2023-02-27T12:46:07.577851Z,Positive,2023-02-27T12:46:07.575317Z,2542
Banyak yang ingin tahu masalah pribadi orang lain dan televisi memfasilitasi itu untuk meraup pundi-pundi.,739,dsuperboy,1,76,146,1.05,2368,2023-02-27T12:46:09.343852Z,Positive,2023-02-27T12:46:09.343852Z,2543
Mulai serius, mainlah latto-latto di tempat yang tepat. Nggak ke kopisop, nggak di rumah sakit, nggak di tempat umu‚Ä¶ https://t.co/DFZfdHh7u0,1410,dsuperboy,1,157,147,1.155,2369,2023-02-27T12:46:11.884608Z,Negative,2023-02-27T12:46:11.884608Z,2544
Cuma malam minggu.,1384,dsuperboy,1,242,148,1.958,2370,2023-02-27T12:46:14.826518Z,Positive,2023-02-27T12:46:14.826518Z,2545
Gak! Jangan! Heh!,155,dsuperboy,1,3,149,8.127,2371,2023-02-27T12:46:24.424439Z,Positive,2023-02-27T12:46:24.424439Z,2546
Kenapa makin banyak orang-orang berendam depan kamera ya? Gaberes ini. Apa aku ikutan aja kali ya.,587,dsuperboy,1,17,150,1.142,2372,2023-02-27T12:46:26.194273Z,Positive,2023-02-27T12:46:26.194273Z,2547
https://t.co/lHJRopl9uH,3622,dsuperboy,1,317,151,1.392,2373,2023-02-27T12:46:28.273745Z,Negative,2023-02-27T12:46:28.273745Z,2548
Pernah bohong soal apa sama ibu?,8775,dsuperboy,1,456,152,1.325,2374,2023-02-27T12:46:30.171862Z,Positive,2023-02-27T12:46:30.171862Z,2549
Yang ditakutkan bukan hanya perpisahan, tapi dendam yang kau simpan setelahnya.,2371,dsuperboy,1,561,153,1.231,2375,2023-02-27T12:46:32.104028Z,Positive,2023-02-27T12:46:32.104028Z,2550
Tidak ada orang yang selalu satu frekuensi sepanjang waktu. Selalu ada masa-masa berlawanan arah, bertengkar, tapi‚Ä¶ https://t.co/HGaKsU2N8v,7422,dsuperboy,1,3086,154,1.062,2376,2023-02-27T12:46:33.811280Z,Negative,2023-02-27T12:46:33.811280Z,2551
Sudah lama tidak menuliskan senja untukmu. Ternyata rasanya masih sama. Masih jadi rindu panjang untuk pertemuan ya‚Ä¶ https://t.co/9uB4zG4UFV,1707,dsuperboy,1,370,155,0.994,2377,2023-02-27T12:46:35.632952Z,Negative,2023-02-27T12:46:35.632952Z,2552
@IsrofatulJ üôèüèª,28,dsuperboy,1,0,156,1.86,2378,2023-02-27T12:46:38.148704Z,Neutral,2023-02-27T12:46:38.148704Z,2553
Tiba-tiba beberapa orang terkenal karena tingkah konyolnya. Diberi panggung di mana-mana. Barangkali begitulah cara‚Ä¶ https://t.co/CBke61vgKo,1015,dsuperboy,1,127,157,1.211,2379,2023-02-27T12:46:39.901012Z,Negative,2023-02-27T12:46:39.901012Z,2554
@worksfess Halo, nder. Kamu aja yang nulis begitu, aku yang bayar. Gimana, nder?,819,dsuperboy,1,49,158,1.963,2380,2023-02-27T12:46:42.872293Z,Positive,2023-02-27T12:46:42.872293Z,2555
@tanyakanrl Karena tidak semua orang siap dengan ketidakpastian hidup. Sementara menjadi Asn memberikan itu ‚Äîmeski‚Ä¶ https://t.co/vLf99InvLl,4508,dsuperboy,1,299,159,1.284,2381,2023-02-27T12:46:44.895272Z,Negative,2023-02-27T12:46:44.895272Z,2556
Sudah malas buang-buang waktu untuk pertemuan-pertemuan basa-basi saja.,4991,dsuperboy,1,1562,160,1.307,2382,2023-02-27T12:46:46.936715Z,Positive,2023-02-27T12:46:46.936715Z,2557
Ya udah, tidur dulu. Besok dipikirin lagi.,3652,dsuperboy,1,925,161,27.229,2383,2023-02-27T12:47:14.899604Z,Positive,2023-02-27T12:47:14.899604Z,2558
Jangan buang-buang waktu lebih lama di kampus. Dunia luar terlalu seru untuk dilewatkan. üëå https://t.co/2h63PAzIHK,543,dsuperboy,1,58,162,1.307,2384,2023-02-27T12:47:16.934035Z,Negative,2023-02-27T12:47:16.934035Z,2559
Hidupmu kadang emang nggak cocok dengan arus kebanyakan. Hidupmu mungkin emang ditakdirkan untuk melawan arus. Mesk‚Ä¶ https://t.co/MJqTAplnnQ,1963,dsuperboy,1,597,163,1.211,2385,2023-02-27T12:47:18.772736Z,Negative,2023-02-27T12:47:18.772736Z,2560
@22lalapo Beli dong kak. Negara belum mau ngasih cetak gratis dan belum mau bayarin royalti penulis-nya. ü•≤,0,dsuperboy,1,0,164,1.196,2386,2023-02-27T12:47:20.536809Z,Positive,2023-02-27T12:47:20.536809Z,2561
Ini bulan depan ya. Buku pertama pembuka tahun ini. Doain lancar ya prosesnya üôèüèª,311,dsuperboy,1,6,165,4.366,2387,2023-02-27T12:47:25.555263Z,Positive,2023-02-27T12:47:25.555263Z,2562
@N_abila17 Bulan depan,3,dsuperboy,1,0,166,2.31,2388,2023-02-27T12:47:28.433702Z,Positive,2023-02-27T12:47:28.433702Z,2563
Judul buku baru sudah di-acc dosbing ini: https://t.co/JlbNNBvZ11,4671,dsuperboy,1,619,167,1.211,2389,2023-02-27T12:47:30.189359Z,Negative,2023-02-27T12:47:30.189359Z,2564
'Yang penting mau kerja keras' doang itu, kadang emang nggak cukup. Tetap saja, harus seimbang; soal pola pikir, ga‚Ä¶ https://t.co/Hm9f55MF5C,1628,dsuperboy,1,542,168,1.075,2390,2023-02-27T12:47:32.000946Z,Negative,2023-02-27T12:47:32.000946Z,2565
Walau pun dia bilang dia nggak mandang harta dan materi kok. Tapi, perlu dipertimbangkan; sepadan itu penting. Kecu‚Ä¶ https://t.co/oBDXOgGxIv,1950,dsuperboy,1,537,169,0.962,2391,2023-02-27T12:47:33.625522Z,Negative,2023-02-27T12:47:33.625522Z,2566
@FOODFESS2 Enak,110,dsuperboy,1,1,170,1.484,2392,2023-02-27T12:47:36.045891Z,Positive,2023-02-27T12:47:36.045891Z,2567
@dittameliaa @JS_Khairen @Donny5cm @grasindo_id Bestie-an mereka ya.,41,dsuperboy,1,2,171,1.844,2393,2023-02-27T12:47:38.617938Z,Positive,2023-02-27T12:47:38.617938Z,2568
Pengin kecanduan olahraga.,3967,dsuperboy,1,1082,172,1.106,2394,2023-02-27T12:47:40.374173Z,Positive,2023-02-27T12:47:40.374173Z,2569
Lagi mencari enaknya olahraga. Semoga segera ketemu.,1122,dsuperboy,1,148,173,0.847,2395,2023-02-27T12:47:41.841184Z,Positive,2023-02-27T12:47:41.841184Z,2570
Bukan maksud sombong, tapi emang aku minder aja temanan sama orang hebat kayak kamu.,2298,dsuperboy,1,333,174,0.841,2396,2023-02-27T12:47:43.229691Z,Positive,2023-02-27T12:47:43.229691Z,2571
@lautankata Gasss,36,dsuperboy,1,0,175,2.598,2397,2023-02-27T12:47:46.437893Z,Positive,2023-02-27T12:47:46.437893Z,2572
Akhirnya bikin ginian juga. Telat banget sih. Gapapa lah. Mulai dari youtube dulu. 

https://t.co/C3Y5qWHKo9,183,dsuperboy,1,5,176,9.15,2398,2023-02-27T12:47:56.356105Z,Negative,2023-02-27T12:47:56.356105Z,2573
@yuniandriyaniA Gapapa, ibuku juga. üôÉ,1,dsuperboy,1,0,177,1.355,2399,2023-02-27T12:47:58.413899Z,Positive,2023-02-27T12:47:58.413899Z,2574
Dari tempat yang jauh seseorang sedang sibuk bekerja; memikirkan ongkos pesawat, biaya pernikahan, dan kiriman untu‚Ä¶ https://t.co/mAiGZDTxnI,1415,dsuperboy,1,247,178,1.032,2400,2023-02-27T12:48:00.296189Z,Negative,2023-02-27T12:48:00.296189Z,2575
Simpan tangisnya buat besok. Sekarang tidur dulu.,7541,dsuperboy,1,1920,179,2.295,2401,2023-02-27T12:48:03.216726Z,Positive,2023-02-27T12:48:03.216726Z,2576
Baru, ya?,1316,dsuperboy,1,118,180,1.004,2402,2023-02-27T12:48:04.735278Z,Positive,2023-02-27T12:48:04.732740Z,2577
@zarryhendrik Jangan lupa disimpan üòÖ,0,dsuperboy,1,0,181,10.898,2403,2023-02-27T12:48:16.338025Z,Positive,2023-02-27T12:48:16.338025Z,2578
@zarryhendrik Udah bisa pameran arsip ini sekian tahun lagi üî•,67,dsuperboy,1,0,182,1.185,2404,2023-02-27T12:48:17.823820Z,Positive,2023-02-27T12:48:17.823820Z,2579
https://t.co/HHTKoz6z1I,1011,dsuperboy,1,101,183,1.149,2405,2023-02-27T12:48:19.381014Z,Negative,2023-02-27T12:48:19.381014Z,2580
@Ekowibowo06 Semoga terhibur üôèüèª,32,dsuperboy,1,1,184,1.234,2406,2023-02-27T12:48:20.915250Z,Positive,2023-02-27T12:48:20.915250Z,2581
Mungkin memang sudah saatnya kita saling melepaskan. Kau memilih ke kanan sementara aku ke kiri. Kau senang melayan‚Ä¶ https://t.co/IgL50eJNMa,3809,dsuperboy,1,952,185,1.079,2407,2023-02-27T12:48:22.287866Z,Negative,2023-02-27T12:48:22.287866Z,2582
Dari tadi mager banget.,1088,dsuperboy,1,136,186,1.092,2408,2023-02-27T12:48:23.657511Z,Positive,2023-02-27T12:48:23.657511Z,2583
Jangan lupa minum.,872,dsuperboy,1,80,187,0.975,2409,2023-02-27T12:48:24.933169Z,Positive,2023-02-27T12:48:24.933169Z,2584
Abis makan jangan lupa bayar.,483,dsuperboy,1,25,188,0.747,2410,2023-02-27T12:48:25.947977Z,Positive,2023-02-27T12:48:25.947977Z,2585
Jangan lupa makan.,992,dsuperboy,1,153,189,0.779,2411,2023-02-27T12:48:27.011406Z,Positive,2023-02-27T12:48:27.011406Z,2586
@kyrhmaa üôèüèª,68,dsuperboy,1,1,190,1.368,2412,2023-02-27T12:48:28.659347Z,Neutral,2023-02-27T12:48:28.659347Z,2587
Selamat istirahat orang-orang yang menunggu kelelahan baru bisa ketiduran.,2799,dsuperboy,1,459,191,1.297,2413,2023-02-27T12:48:30.237235Z,Positive,2023-02-27T12:48:30.237235Z,2588
https://t.co/Yk8Ijk5Mbp,1332,dsuperboy,1,185,192,1.139,2414,2023-02-27T12:48:31.651752Z,Negative,2023-02-27T12:48:31.651752Z,2589
Mungkin pilihanmu tidak akan selalu diterima orang lain. Pilihlah jalan lain yang mengantarmu menemukan orang-orang‚Ä¶ https://t.co/doqOvO8VAJ,3991,dsuperboy,1,1113,193,1.525,2415,2023-02-27T12:48:33.445599Z,Negative,2023-02-27T12:48:33.445599Z,2590
Dulu, seorang kawan pernah menyarankan untuk mulai menjadi ‚Äòpenulis serius‚Äô. Padahal semenjak memilih jalan menjadi‚Ä¶ https://t.co/H74BAKX21f,612,dsuperboy,1,26,194,1.882,2416,2023-02-27T12:48:35.606451Z,Negative,2023-02-27T12:48:35.606451Z,2591
@NezaOviara ü´£,0,dsuperboy,1,0,195,1.702,2417,2023-02-27T12:48:37.597679Z,Neutral,2023-02-27T12:48:37.597679Z,2592
Menarik napas dalam saat editor mengabari buku ini akan segera diterbitkan üò≠ https://t.co/36js83MbLp,626,dsuperboy,1,10,196,1.451,2418,2023-02-27T12:48:39.412889Z,Negative,2023-02-27T12:48:39.412889Z,2593
Sudah siap untuk buku baru? https://t.co/dBxPPBB3Zk,346,dsuperboy,1,6,197,1.101,2419,2023-02-27T12:48:40.842985Z,Negative,2023-02-27T12:48:40.842985Z,2594
@rrrrrruto Sabar.  Baru dapat kabar dari editor. https://t.co/rGQyTofBxf,0,dsuperboy,1,0,198,0.904,2420,2023-02-27T12:48:42.087325Z,Negative,2023-02-27T12:48:42.087325Z,2595
üå¶Ô∏è https://t.co/LJLjvv6Uwq,2202,dsuperboy,1,350,199,1.149,2421,2023-02-27T12:48:43.808556Z,Negative,2023-02-27T12:48:43.808556Z,2596
