text,retweet_count,id,sentiment,updated_at,created_at,annotator,lead_time,Unnamed: 0,like_count,username,annotation_id
Dulu tinggal di desa, orang tua bikin rumah di tengah sawah malah ‚Äî di satu bagian yang dikeringkan. Mereka bertani‚Ä¶ https://t.co/WnIbrb0uwb,9,2397,Negative,2023-02-27T07:12:01.609001Z,2023-02-27T07:12:01.609001Z,1,1.547,0,382,dsuperboy,2222
Kerja keras buat beli waras.,1478,2398,Positive,2023-02-27T07:12:02.815791Z,2023-02-27T07:12:02.815791Z,1,0.783,1,3865,dsuperboy,2223
@Yan_Djainady üôèüèª,0,2399,Neutral,2023-02-27T07:12:05.868367Z,2023-02-27T07:12:03.674418Z,1,1.162,2,0,dsuperboy,2224
Awal tahun menandatangani 2 kontrak kerjasama dengan penerbit Sigikata. Tahun ini kami berencana menerbitkan 2 judu‚Ä¶ https://t.co/e2sgCuspTJ,4,2400,Negative,2023-02-27T07:12:08.794027Z,2023-02-27T07:12:08.794027Z,1,1.087,3,296,dsuperboy,2225
@elisanina19 üôèüèª,0,2401,Neutral,2023-02-27T07:12:10.872303Z,2023-02-27T07:12:10.872303Z,1,1.676,4,47,dsuperboy,2226
https://t.co/OmZHGIzraH,77,2402,Negative,2023-02-27T07:12:12.041125Z,2023-02-27T07:12:12.041125Z,1,0.888,5,853,dsuperboy,2227
Aku tidak kalah, aku hanya sedang mengambil jeda. Membiarkan udara berembus di sekitarku. Mengumpulkan energi dan m‚Ä¶ https://t.co/RDfF8EWd5s,1404,2403,Negative,2023-02-27T07:12:13.346077Z,2023-02-27T07:12:13.346077Z,1,1.049,6,4567,dsuperboy,2228
Alasan lain ke Bukittinggi. https://t.co/kDizjaqyTJ,50,2404,Negative,2023-02-27T07:12:14.324695Z,2023-02-27T07:12:14.324695Z,1,0.703,7,1136,dsuperboy,2229
Satu dari banyak alasan ke Bukittinggi. https://t.co/Fz6q1sMU1p,42,2405,Negative,2023-02-27T07:12:15.266542Z,2023-02-27T07:12:15.266542Z,1,0.672,8,894,dsuperboy,2230
@otongkoil Yang penting nggak pakai dukun :(,8,2406,Positive,2023-02-27T07:12:16.321977Z,2023-02-27T07:12:16.321977Z,1,0.801,9,261,dsuperboy,2231
https://t.co/P44JXzDlnr,1222,2407,Negative,2023-02-27T07:12:17.377620Z,2023-02-27T07:12:17.377620Z,1,0.796,10,5904,dsuperboy,2232
Masih sayang, cuma udah nggak berharap buat bersama lagi.,2394,2408,Positive,2023-02-27T07:12:18.317006Z,2023-02-27T07:12:18.317006Z,1,0.693,11,8519,dsuperboy,2233
Emang beneran kalau kaki kita sering kesemutan itu gara-gara nggak sengaja pernah memakan semut?,62,2409,Positive,2023-02-27T07:12:19.389984Z,2023-02-27T07:12:19.389984Z,1,0.805,12,975,dsuperboy,2234
Apa efek memakan semut?,72,2410,Positive,2023-02-27T07:12:20.222981Z,2023-02-27T07:12:20.222981Z,1,0.539,13,1732,dsuperboy,2235
Nanti jika aku tidak kembali, sungguh aku pernah bersungguh-sungguh di sana. Sungguh aku pernah setotal itu memberi‚Ä¶ https://t.co/N3d75SnzQ2,2063,2411,Negative,2023-02-27T07:12:22.566885Z,2023-02-27T07:12:22.566885Z,1,1.153,14,5385,dsuperboy,2236
Tetaplah hidup meski sepanjang tahun kau harus begadang.,896,2412,Positive,2023-02-27T07:12:24.015274Z,2023-02-27T07:12:24.015274Z,1,0.797,15,4550,dsuperboy,2237
Aku mungkin bisa terlihat biasa saja di hadapanmu. Tetap terlihat tenang. Tidak membahas apa pun soal perasaan. Mes‚Ä¶ https://t.co/XoBHjCaeb3,665,2413,Negative,2023-02-27T07:12:25.672406Z,2023-02-27T07:12:25.672406Z,1,0.871,16,2456,dsuperboy,2238
Nggak usah ngayal ketinggian pukul segini bang. ü•π https://t.co/UQcGvgZgaP,10,2414,Negative,2023-02-27T07:12:29.304371Z,2023-02-27T07:12:29.304371Z,1,1.36,17,218,dsuperboy,2239
Begadang itu enggak sehat. Udah tahu, tapi masih aja dilakukan. Begitulah diriku.,681,2415,Positive,2023-02-27T07:12:31.965072Z,2023-02-27T07:12:31.965072Z,1,2.369,18,3183,dsuperboy,2240
@convomf Makan,3,2416,Positive,2023-02-27T07:12:33.329138Z,2023-02-27T07:12:33.329138Z,1,1.101,19,124,dsuperboy,2241
https://t.co/SBJBkg5mT1,1,2417,Negative,2023-02-27T07:12:34.348636Z,2023-02-27T07:12:34.348636Z,1,0.753,20,411,dsuperboy,2242
@tanyakanrl karena aku sering cari video ikan, brand baju (lagi belajar, mau punya brand baju), sama lagi suka mant‚Ä¶ https://t.co/oQZrUnt5K8,8,2418,Negative,2023-02-27T07:12:35.460362Z,2023-02-27T07:12:35.460362Z,1,0.841,21,333,dsuperboy,2243
@tanyarlfes Nder, aku juga sering kecewa sama harapanku sendiri nder. Banyak doa juga belum dikabulkan. Sering berp‚Ä¶ https://t.co/RBlWTgnxFV,661,2419,Negative,2023-02-27T07:12:36.349950Z,2023-02-27T07:12:36.349950Z,1,0.613,22,3325,dsuperboy,2244
Nikah yuk.

Mau lanjut S2.

Setelah nikah kan bisa.

Boleh?

Kenapa enggak?

Sebulan setelah nikah, doi lanjut S2.‚Ä¶ https://t.co/DpawOTzZc6,282,2420,Negative,2023-02-27T07:12:37.559852Z,2023-02-27T07:12:37.559852Z,1,0.947,23,6696,dsuperboy,2245
Mau nikah di KUA doang, mau resepsi sederhana, mau nikah resepsi mewah. Ya, nggak apa-apa. Defenisi bahagia tiap or‚Ä¶ https://t.co/5g8L5Sa0x6,4292,2421,Negative,2023-02-27T07:12:38.592697Z,2023-02-27T07:12:38.592697Z,1,0.768,24,9647,dsuperboy,2246
@viyool üôèüèª,1,2422,Neutral,2023-02-27T11:51:27.697334Z,2023-02-27T07:12:40.169590Z,1,11.311,25,58,dsuperboy,2247
Belajar bahagia melihat orang lain bahagia. Meski ukuran bahagia mereka tak sama dengan kita.,1420,2423,Positive,2023-02-27T07:12:41.859270Z,2023-02-27T07:12:41.859270Z,1,1.434,26,4663,dsuperboy,2248
Enak ya hobi dibayar. Padahal yang dibayar itu bukan hanya hobi semata, ada investasi waktu, latihan, tenaga, prose‚Ä¶ https://t.co/kM5nNCKKIy,153,2424,Negative,2023-02-27T07:12:43.024155Z,2023-02-27T07:12:43.024155Z,1,0.765,27,1009,dsuperboy,2249
@kegblgnunfaedh Gak ada nder. Aku udah terlalu banyak dosa :(,225,2425,Positive,2023-02-27T07:12:43.960964Z,2023-02-27T07:12:43.960964Z,1,0.667,28,7922,dsuperboy,2250
Orang lain boleh tidak suka padamu. Tidak mungkin mengendalikan perasaan mereka. Namun kamu juga boleh tidak member‚Ä¶ https://t.co/AsPwBLZIft,1062,2426,Negative,2023-02-27T07:12:45.553933Z,2023-02-27T07:12:45.553933Z,1,1.054,29,3284,dsuperboy,2251
Sedang banyak cemasnya.,3075,2427,Positive,2023-02-27T07:12:46.545505Z,2023-02-27T07:12:46.545505Z,1,0.657,30,7108,dsuperboy,2252
Di tengah sebuah kota, ada seseorang yang tiba-tiba menangis.  Ia juga tidak mengerti, tapi air mata dari tangis it‚Ä¶ https://t.co/YM6OnF6V8I,787,2428,Negative,2023-02-27T07:12:50.078219Z,2023-02-27T07:12:47.805279Z,1,2.026,31,2643,dsuperboy,2253
@FOOD_FESS Durian,0,2429,Positive,2023-02-27T07:12:51.904969Z,2023-02-27T07:12:51.904969Z,1,1.009,32,159,dsuperboy,2254
Lagi fase minder sama banyak hal.  Semoga segera selesai fase ini.  :),3046,2430,Positive,2023-02-27T11:46:12.423111Z,2023-02-27T11:46:12.423111Z,1,4.016,33,7179,dsuperboy,2255
@dayatpiliang Aslinya dayat emang cwk kak. Aku pernah ketemu.,0,2431,Positive,2023-02-27T11:47:28.009543Z,2023-02-27T11:47:28.009543Z,1,75.054,34,95,dsuperboy,2256
Sebulan lagilah ya. https://t.co/QjqeRvIsKf,12,2432,Negative,2023-02-27T11:47:30.911088Z,2023-02-27T11:47:30.911088Z,1,2.4,35,451,dsuperboy,2257
Kenapa ya mahasiswa harus ngekos segala? Padahal kan bisa bawa tenda aja.,500,2433,Positive,2023-02-27T11:55:23.032796Z,2023-02-27T11:55:23.032796Z,1,2.033,36,5981,dsuperboy,2258
Membeli kursi dan meja yang sama dengan yang ada di kopisop langganan, biar berasa ada di kopisop saat kerja di rum‚Ä¶ https://t.co/ZZDsTCwNhA,25,2434,Negative,2023-02-27T11:55:25.730328Z,2023-02-27T11:55:25.730328Z,1,2.083,37,484,dsuperboy,2259
Selamat siang orang-orang yang kangen diri sendiri.,1139,2435,Positive,2023-02-27T11:55:28.193428Z,2023-02-27T11:55:28.193428Z,1,1.737,38,5025,dsuperboy,2260
Orang Indonesia emang nggak bisa dihentikan. Gegara banyak yang omelin nenek-nenek mandi lumpur, sekarang mereka ga‚Ä¶ https://t.co/gdj8tF9goc,26,2436,Negative,2023-02-27T11:55:30.251260Z,2023-02-27T11:55:30.251260Z,1,1.414,39,828,dsuperboy,2261
Setelah perjalanan jauh itu tubuh pulang memanglah harus disiapkan. Jika tidak, biarlah tenggelam di lautan. Rantau‚Ä¶ https://t.co/nDX4urp0nD,162,2437,Negative,2023-02-27T11:55:32.199470Z,2023-02-27T11:55:32.199470Z,1,1.132,40,1083,dsuperboy,2262
Ada saatnya bikin dulu aja. Andalkan kemampuan yang ada. Sembari belajar ini itu. Sebab kalau ditunggu hebat dulu,‚Ä¶ https://t.co/b26DhFbGP6,264,2438,Negative,2023-02-27T11:55:34.169880Z,2023-02-27T11:55:34.169880Z,1,1.449,41,1210,dsuperboy,2263
Jangan jahat-jahat, aku mudah melupakanmu.,1215,2439,Positive,2023-02-27T11:55:36.130155Z,2023-02-27T11:55:36.130155Z,1,1.349,42,5166,dsuperboy,2264
@convomf Ajak ngobrol, ntar kalau udah kenal juga akrab.,14,2440,Positive,2023-02-27T11:55:38.115551Z,2023-02-27T11:55:38.115551Z,1,1.411,43,486,dsuperboy,2265
Ada cerita apa hari ini?,390,2441,Positive,2023-02-27T11:55:40.795024Z,2023-02-27T11:55:40.795024Z,1,2.132,44,4295,dsuperboy,2266
Jarang ngetwit tapi tetap rajin memantau.,585,2442,Positive,2023-02-27T11:55:42.342813Z,2023-02-27T11:55:42.342813Z,1,0.934,45,3325,dsuperboy,2267
Tidurlah, biar hujan mulai reda.,475,2443,Positive,2023-02-27T11:55:44.619259Z,2023-02-27T11:55:44.619259Z,1,1.697,46,2431,dsuperboy,2268
@Askrlfess Jadi penulis buku penuh waktu di Indonesia,16,2444,Positive,2023-02-27T11:55:46.563641Z,2023-02-27T11:55:46.563641Z,1,1.386,47,574,dsuperboy,2269
https://t.co/aZEcyuDQTM,518,2445,Negative,2023-02-27T11:55:48.427690Z,2023-02-27T11:55:48.427690Z,1,1.376,48,2512,dsuperboy,2270
Maaf, aku banyak tanya.,1010,2446,Positive,2023-02-27T11:55:50.129515Z,2023-02-27T11:55:50.129515Z,1,1.16,49,3976,dsuperboy,2271
@tanyakanrl Rambutan. Ini rambutnya kamu cabutin satu satu nder.,6,2447,Positive,2023-02-27T11:55:52.314090Z,2023-02-27T11:55:52.314090Z,1,1.569,50,1776,dsuperboy,2272
@Askrlfess ü•π,8,2448,Neutral,2023-02-27T11:55:55.031393Z,2023-02-27T11:55:55.031393Z,1,2.061,51,341,dsuperboy,2273
Apakah kamu masih tertarik ikut organisasi kampus / komunitas seni?,26,2449,Positive,2023-02-27T11:55:57.690130Z,2023-02-27T11:55:57.690130Z,1,2.043,52,895,dsuperboy,2274
@convomf Lele kering / lele asap. Masaknya gampang, bisa pakai mejicom. Bumbunya cuma cabe + garam/ penyedap rasa +‚Ä¶ https://t.co/xzZaiKfmj8,0,2450,Negative,2023-02-27T11:55:59.800937Z,2023-02-27T11:55:59.800937Z,1,1.474,53,134,dsuperboy,2275
Kamu belum tidur juga?,158,2451,Positive,2023-02-27T11:56:01.796979Z,2023-02-27T11:56:01.796979Z,1,1.325,54,2010,dsuperboy,2276
Belajar demi mengisi masa mudamu sebaik-baiknya. Nikmati petualangan-petualangan terbaik dalam pikiranmu. Rayakan h‚Ä¶ https://t.co/Z6OYlGcVuO,480,2452,Negative,2023-02-27T11:56:03.865332Z,2023-02-27T11:56:03.865332Z,1,1.339,55,1894,dsuperboy,2277
terbit februari 2023. https://t.co/H2nyoXBkhj,513,2453,Negative,2023-02-27T11:56:06.845939Z,2023-02-27T11:56:06.845939Z,1,2.303,56,2004,dsuperboy,2278
@hadixalwi Trobos aja bangsat. Singkatnya, gitu kira-kira, pren.,1,2454,Negative,2023-02-27T12:00:00.557807Z,2023-02-27T12:00:00.557807Z,1,233.068,57,15,dsuperboy,2279
Aku akan tetap menikmati arus hidup ini, akan tetap mengejar yang aku mau, meski menurutmu semua ini sia-sia saja.,724,2455,Positive,2023-02-27T12:00:04.874297Z,2023-02-27T12:00:04.874297Z,1,3.693,58,2529,dsuperboy,2280
Untuk diriku; kita selalu punya alasan untuk meneruskan hidup ini. Jika pun suatu hari kamu merasa tidak punya alas‚Ä¶ https://t.co/CXeptrSAlm,4206,2456,Negative,2023-02-27T12:00:07.392644Z,2023-02-27T12:00:07.392644Z,1,1.879,59,8586,dsuperboy,2281
Sering bicara sama diri sendiri karena kadang hanya diri sendiri yang bisa jadi tempat bercerita hal-hal tertentu.,2368,2457,Positive,2023-02-27T12:00:51.692160Z,2023-02-27T12:00:51.692160Z,1,43.691,60,6543,dsuperboy,2282
Ambil jeda beberapa saat dari hal-hal yang melelahkan itu. Beri jarak  sejenak agar tidak jadi racun dalam dirimu.‚Ä¶ https://t.co/axJMrsJ0B6,837,2458,Negative,2023-02-27T12:00:54.945605Z,2023-02-27T12:00:54.945605Z,1,1.977,61,2348,dsuperboy,2283
Masih kagum sama ikan ini. https://t.co/OJlCtB3Fkg,12,2459,Negative,2023-02-27T12:00:57.546678Z,2023-02-27T12:00:57.546678Z,1,1.33,62,456,dsuperboy,2284
laporan terlambat dari lokasi kejadian. https://t.co/CcGuhHRAuZ,9,2460,Negative,2023-02-27T12:01:00.761795Z,2023-02-27T12:01:00.761795Z,1,1.404,63,463,dsuperboy,2285
Di tempatmu ini namanya ikan apa? https://t.co/HxD9Sijhw7,23,2461,Negative,2023-02-27T12:01:04.483382Z,2023-02-27T12:01:04.483382Z,1,1.573,64,860,dsuperboy,2286
Laporan langsung dari tempat kejadian perkara: https://t.co/iddqrUSdzg,20,2462,Negative,2023-02-27T12:01:09.247966Z,2023-02-27T12:01:09.247966Z,1,1.459,65,813,dsuperboy,2287
Orang Indonesia emang ajaib. Diomelin live mandi lumpur, sekarang malah pada live mandi bola wqwqwqq bangsat ada-ada aja ü§£,335,2463,Positive,2023-02-27T12:01:11.266674Z,2023-02-27T12:01:11.266674Z,1,1.419,66,4784,dsuperboy,2288
Menunggu batrai hape habis, menunggu overthinking reda.,471,2464,Positive,2023-02-27T12:01:12.919075Z,2023-02-27T12:01:12.919075Z,1,1.042,67,2965,dsuperboy,2289
Selama ini yang ngedukungmu kan juga orang-orang asing. Apa yang kamu bikin, karya-karyamu diapresiasi orang asing.‚Ä¶ https://t.co/cT5m27suHB,108,2465,Negative,2023-02-27T12:01:14.695522Z,2023-02-27T12:01:14.695522Z,1,1.212,68,1217,dsuperboy,2290
Sudah lama tidak, sudah saatnya diulang. https://t.co/OwoNH5mCMJ,4,2466,Negative,2023-02-27T12:01:16.593619Z,2023-02-27T12:01:16.593619Z,1,1.286,69,213,dsuperboy,2291
Sudah lama tidak memancing ikan. Besok akan pergi memancing ikan dan semoga dapat banyak.,20,2467,Positive,2023-02-27T12:01:19.482712Z,2023-02-27T12:01:19.482712Z,1,2.254,70,723,dsuperboy,2292
Makin dewasa kadang bekerja bukan soal mengikuti suasana hati, tapi bekerja karena tahu diri.,1391,2468,Positive,2023-02-27T12:01:20.971260Z,2023-02-27T12:01:20.971260Z,1,0.978,71,5282,dsuperboy,2293
Sampai kapan sembunyi dengan topeng orang asing?,456,2469,Positive,2023-02-27T12:01:23.556324Z,2023-02-27T12:01:23.552326Z,1,2.088,72,3882,dsuperboy,2294
@tanyarlfes Nder, lepasin cowok itu. Dia berhak bahagia tanpa kamu.,161,2470,Positive,2023-02-27T12:01:25.434289Z,2023-02-27T12:01:25.434289Z,1,1.376,73,2869,dsuperboy,2295
Kamu kangen ya sama dirimu sendiri?,12986,2471,Positive,2023-02-27T12:01:27.668277Z,2023-02-27T12:01:27.668277Z,1,1.474,74,44834,dsuperboy,2296
setiap malam 
kau tidur di kasur
tapi kau selalu
merasa tenggelam

kau merasa kasur
menelanmu bulat
kau merasa warn‚Ä¶ https://t.co/3OFsMlWl1S,175,2472,Negative,2023-02-27T12:01:29.780199Z,2023-02-27T12:01:29.780199Z,1,1.472,75,1443,dsuperboy,2297
https://t.co/7gw9w5KGG7,1401,2473,Negative,2023-02-27T12:01:31.776176Z,2023-02-27T12:01:31.776176Z,1,1.332,76,6884,dsuperboy,2298
Sebatas sayang lalu menghilang. Seolah memiliki padahal hanya ilusi.,1077,2474,Positive,2023-02-27T12:01:34.521489Z,2023-02-27T12:01:34.521489Z,1,2.232,77,4782,dsuperboy,2299
Tidurlah. Udah mau pagi.,290,2475,Positive,2023-02-27T12:01:36.844453Z,2023-02-27T12:01:36.844453Z,1,1.763,78,2769,dsuperboy,2300
Menggeser jam kerja ke larut malam biar bisa tidur pagi.,61,2476,Positive,2023-02-27T12:01:38.738007Z,2023-02-27T12:01:38.738007Z,1,1.247,79,867,dsuperboy,2301
@tvkang_baper ü´£,1,2477,Neutral,2023-02-27T12:01:44.666026Z,2023-02-27T12:01:44.666026Z,1,5.343,80,73,dsuperboy,2302
Kau mungkin bisa menciptakan atap dan tembok untuk menghentikan laju air. Tapi kau tidak pernah bisa menghilangkan‚Ä¶ https://t.co/jbXjNwmVSb,273,2478,Negative,2023-02-27T12:01:46.825161Z,2023-02-27T12:01:46.825161Z,1,1.554,81,1548,dsuperboy,2303
Bahkan yang mandi lumpur juga diundang ke televisi nasional. Apa yang mau diharapkan dari fenomena ini di televisi?‚Ä¶ https://t.co/lijALG0VEQ,24,2479,Negative,2023-02-27T12:01:49.543892Z,2023-02-27T12:01:49.543892Z,1,2.175,82,340,dsuperboy,2304
Yang bisa menegur platform itu ya pemerintah. Seperti yang pernah dilakukan sebelumnya dan cukup efektif. Mereka pu‚Ä¶ https://t.co/z5UMZgq4oZ,11,2480,Negative,2023-02-27T12:01:51.273813Z,2023-02-27T12:01:51.273813Z,1,1.24,83,304,dsuperboy,2305
Aplikasi yang menyediakan dan membiarkan konten live mandi lumpur di platformnya, berarti sengaja membiarkan hal it‚Ä¶ https://t.co/ZoEMOjRD3s,56,2481,Negative,2023-02-27T12:01:53.104995Z,2023-02-27T12:01:53.104995Z,1,1.144,84,797,dsuperboy,2306
@idakrswr_ No debat,0,2482,Positive,2023-02-27T12:02:03.326981Z,2023-02-27T12:02:03.326981Z,1,9.566,85,12,dsuperboy,2307
@milkychocollate https://t.co/zaBFbXZCXh,1,2483,Negative,2023-02-27T12:02:05.200931Z,2023-02-27T12:02:05.200931Z,1,1.197,86,88,dsuperboy,2308
Semua gorengan bisa dimakan pakai nasi. No debat.,481,2484,Positive,2023-02-27T12:02:07.353244Z,2023-02-27T12:02:07.353244Z,1,1.58,87,5566,dsuperboy,2309
Menu rangkap. https://t.co/9IlyS0fOSX,24,2485,Negative,2023-02-27T12:02:09.252567Z,2023-02-27T12:02:09.252567Z,1,1.222,88,1169,dsuperboy,2310
Selamat buat yang sudah masuk tahap dewasa mulai tidak meminta uang orangtua lagi. Selamat menikmati hidup dari aro‚Ä¶ https://t.co/g5DVpLIDNt,2587,2486,Negative,2023-02-27T12:02:11.478284Z,2023-02-27T12:02:11.477173Z,1,1.594,89,9101,dsuperboy,2311
Selain jadi fotografer pribadi, sekarang tugas cowok nambah lagi, jadi cctv pribadi. Ini siapa yang bikin trend sih.,40,2487,Positive,2023-02-27T12:02:13.814431Z,2023-02-27T12:02:13.814431Z,1,1.708,90,761,dsuperboy,2312
"Namamu Bahagia kan?
"Iya, kenapa?"
"Itulah alasan kupilih kamu."
"Tapi nama panjangku masih ada."
"Apa?"
"Bahagia Jika Tidak Denganmu.",184,2488,Positive,2023-02-27T12:02:16.725770Z,2023-02-27T12:02:16.725770Z,1,2.199,91,1658,dsuperboy,2313
Tidak semua nasihat di internet cocok untukmu. Pilih-pilih juga lah. Biar nggak makin stress.,608,2489,Positive,2023-02-27T12:02:19.354193Z,2023-02-27T12:02:19.354193Z,1,1.857,92,2710,dsuperboy,2314
Kita yang paling tahu siapa diri kita itu harus dimulai dengan sadar diri dulu. Kalau enggak sadar diri, biasanya k‚Ä¶ https://t.co/AwIuzZgLRT,739,2490,Negative,2023-02-27T12:02:21.468352Z,2023-02-27T12:02:21.468352Z,1,1.355,93,2528,dsuperboy,2315
Kayaknya semut ngerti deh apa yang aku omongin.,312,2491,Positive,2023-02-27T12:29:14.170310Z,2023-02-27T12:29:14.170310Z,1,3.119,94,2366,dsuperboy,2316
~ Kamu mau nggak hidup susah sama aku?

+ Nggak. Kamu aja sendiri. Aku udah alumni.,596,2492,Positive,2023-02-27T12:29:17.364223Z,2023-02-27T12:29:17.364223Z,1,2.594,95,2952,dsuperboy,2317
~ Mau nggak hidup susah sama aku?

+ Nggak, dari dulu udah hidup susah soalnya. Masa susah terus?,243,2493,Positive,2023-02-27T12:29:19.046442Z,2023-02-27T12:29:19.046442Z,1,1.009,96,1289,dsuperboy,2318
Terima kasih kreator tutorial di youtube. Jasamu abadi.,30,2494,Positive,2023-02-27T12:51:04.366901Z,2023-02-27T12:43:54.162024Z,1,31.602999999999998,97,515,dsuperboy,2319
@tanyakanrl üêá,3,2495,Neutral,2023-02-27T12:43:56.955967Z,2023-02-27T12:43:56.955967Z,1,2.087,98,278,dsuperboy,2320
Ngapain sih orang-orang dini hari malah mikirin impian? Aneh banget. Bukannya tidur, malah mikir. Nggak bosan apa.,162,2496,Positive,2023-02-27T12:43:59.280186Z,2023-02-27T12:43:59.280186Z,1,1.776,99,1685,dsuperboy,2321
@tanyakanrl Kalau saat ini kayaknya enggak dulu sih. Karena lagi capek sama banyak hal. Belum siap merespons hal-ha‚Ä¶ https://t.co/9LPf9BCEMs,100,2497,Negative,2023-02-27T12:44:01.439897Z,2023-02-27T12:44:01.439897Z,1,1.603,100,1126,dsuperboy,2322
@sayurnuss S1 gue kuliah sambil kerja (ditambah biaya orangtua), kuliah lanjutannya, gue kuliah dengan biaya sendir‚Ä¶ https://t.co/glAJ6isN2b,0,2498,Negative,2023-02-27T12:44:03.840932Z,2023-02-27T12:44:03.840932Z,1,1.886,101,9,dsuperboy,2323
Uang memang penting, tapi melakukan pekerjaan yang memang kau cintai adalah nikmat hidup.,814,2499,Positive,2023-02-27T12:44:11.740152Z,2023-02-27T12:44:11.740152Z,1,7.358,102,3241,dsuperboy,2324
Coba bantu jawab.,1,2500,Positive,2023-02-27T12:44:14.792253Z,2023-02-27T12:44:14.792253Z,1,2.558,103,33,dsuperboy,2325
Kamu masih suka pakai pin peniti seperti ini kah? https://t.co/n8a1Dwc9CA,6,2501,Negative,2023-02-27T12:44:16.692574Z,2023-02-27T12:44:16.692574Z,1,1.269,104,165,dsuperboy,2326
@merdisupergiant üôèüèª,0,2502,Neutral,2023-02-27T12:44:19.169291Z,2023-02-27T12:44:19.169291Z,1,1.716,105,0,dsuperboy,2327
Kalau yakin kamu adalah penulis yang patut diperhitungkan. Kamu yakin kamu adalah penulis yang layak diapresiasi. T‚Ä¶ https://t.co/vDGAYtl5vt,46,2503,Negative,2023-02-27T12:44:20.843656Z,2023-02-27T12:44:20.843656Z,1,1.143,106,371,dsuperboy,2328
Tidak perlu ribut hanya karena ada fenomena buku yang menurutmu nggak seleramu tapi terbit. Di industri kita hal be‚Ä¶ https://t.co/BIXVfYacz6,14,2504,Negative,2023-02-27T12:44:22.561296Z,2023-02-27T12:44:22.561296Z,1,1.04,107,279,dsuperboy,2329
Pembaca hari ini tidak semua punya waktu untuk menemukanmu. Terlalu deras arus informasi setiap  hari. Kalau kamu ‚Äî‚Ä¶ https://t.co/y1OhuuezT2,18,2505,Negative,2023-02-27T12:44:24.444336Z,2023-02-27T12:44:24.444336Z,1,1.138,108,247,dsuperboy,2330
Kalau mentok diperdebatan sastra vs bukan sastra. Puisi vs bukan puisi. Dunia akan bergerak terus. Pilihan hiburan‚Ä¶ https://t.co/dfX6C02V0r,10,2506,Negative,2023-02-27T12:44:25.979015Z,2023-02-27T12:44:25.979015Z,1,0.906,109,196,dsuperboy,2331
Tantangan buku hari ini bukan hanya buku lain, penulis lain, genre lain, sastra vs bukan sastra. Tantangan buku har‚Ä¶ https://t.co/2rDihJJi75,9,2507,Negative,2023-02-27T12:44:27.646976Z,2023-02-27T12:44:27.645956Z,1,0.922,110,162,dsuperboy,2332
Jadi penulis di Indonesia emang harus pandai-pandai mengelola rasa kecewa, kalau enggak, ya kecewa mulu sama indust‚Ä¶ https://t.co/znjjJkFzz0,19,2508,Negative,2023-02-27T12:44:29.257359Z,2023-02-27T12:44:29.257359Z,1,0.967,111,213,dsuperboy,2333
Syarat pertama jadi penulis: kamu harus cinta banget sama pekerjaanmu. Kalau enggak, kamu akan capek banget. Energi‚Ä¶ https://t.co/xyUu8xCFkQ,52,2509,Negative,2023-02-27T12:44:30.843735Z,2023-02-27T12:44:30.843735Z,1,0.919,112,490,dsuperboy,2334
Dunia kepenulisan itu emang keras. Kadang emang nggak masuk akal. Kalau emang nggak kuat sama kenyataan-kenyataan y‚Ä¶ https://t.co/5sfb6fX7PR,21,2510,Negative,2023-02-27T12:44:32.464512Z,2023-02-27T12:44:32.464512Z,1,0.845,113,344,dsuperboy,2335
Ada saatnya serius. Ada saatnya becanda. Ada saatnya menghindar. Ada saatnya trobos ajalah, bodoamat.,2370,2511,Positive,2023-02-27T12:44:34.562561Z,2023-02-27T12:44:34.562561Z,1,1.37,114,7377,dsuperboy,2336
@tanyakanrl Sesekali coba tukar posisi aja. :),77,2512,Positive,2023-02-27T12:44:37.081547Z,2023-02-27T12:44:37.081547Z,1,1.79,115,1232,dsuperboy,2337
Diingatin buat nabung, kamu malah lawan dengan kata sedekah. Seolah orang nabung nggak lagi bersedekah. Padahal, na‚Ä¶ https://t.co/y5NShfUFIv,84,2513,Negative,2023-02-27T12:44:41.614076Z,2023-02-27T12:44:41.614076Z,1,3.962,116,541,dsuperboy,2338
Sebetulnya aku tuh selalu bangun pagi, tapi pemanasan dulu sampai siang, sadarnya baru siang hari.,255,2514,Positive,2023-02-27T12:44:43.314432Z,2023-02-27T12:44:43.314432Z,1,0.997,117,1409,dsuperboy,2339
@rrrrrruto Ya juga ya,0,2515,Positive,2023-02-27T12:44:45.223397Z,2023-02-27T12:44:45.223397Z,1,1.18,118,0,dsuperboy,2340
Halo, diriku. Kenapa bangun siang lagi sih?,104,2516,Positive,2023-02-27T12:44:46.986252Z,2023-02-27T12:44:46.986252Z,1,1.03,119,1122,dsuperboy,2341
Makin tua ambisi makin kurang tapi kebutuhan makin banyak. Alasan yang cukup buat kamu selagi muda kerja keras dan nabung.,296,2517,Positive,2023-02-27T12:44:48.858308Z,2023-02-27T12:44:48.858308Z,1,1.226,120,1386,dsuperboy,2342
Pulang-pulang capek.,1330,2518,Positive,2023-02-27T12:44:50.770537Z,2023-02-27T12:44:50.770537Z,1,1.311,121,5366,dsuperboy,2343
@Askrlfess Aku masih 19 tahun ternyata ü•≤,54,2519,Positive,2023-02-27T12:44:54.879676Z,2023-02-27T12:44:54.879676Z,1,3.5,122,627,dsuperboy,2344
Pernah merasa sama dalam banyak hal sampai akhirnya sadar kita hanya merasa sama, tidak benar-benar sama.,432,2520,Positive,2023-02-27T12:44:56.559981Z,2023-02-27T12:44:56.559981Z,1,0.971,123,2293,dsuperboy,2345
Kamu selalu merasa lebih besar dibanding yang lain. Kamu mengenal mereka dengan baik, sementara mereka tidak mengen‚Ä¶ https://t.co/AOD0dakn8F,135,2521,Negative,2023-02-27T12:44:58.619373Z,2023-02-27T12:44:58.619373Z,1,1.418,124,967,dsuperboy,2346
Kalau kamu diberi kesempatan hidup di semesta lain, kamu ingin hidup sebagai apa?,634,2522,Positive,2023-02-27T12:45:12.872791Z,2023-02-27T12:45:12.872791Z,1,13.568,125,8945,dsuperboy,2347
Bukannya tidur malah mikirin kehidupan di semesta lain. Aneh banget jadi orang.,304,2523,Positive,2023-02-27T12:45:23.679734Z,2023-02-27T12:45:23.679734Z,1,10.023,126,1665,dsuperboy,2348
Katanya nasa nemu planet baru mirip bumi. Jadi semesta lain itu emang ada? Apakah di masa depan, manusia bukan hany‚Ä¶ https://t.co/38VXUK30uC,133,2524,Negative,2023-02-27T12:45:25.538152Z,2023-02-27T12:45:25.538152Z,1,1.175,127,1473,dsuperboy,2349
Istirahatlah, tidak perlu memaksakan diri mengikuti zaman. Jika dengan begitu yang tercipta hanya masalah baru untuk dirimu.,245,2525,Positive,2023-02-27T12:45:27.231470Z,2023-02-27T12:45:27.231470Z,1,1.042,128,1232,dsuperboy,2350
Hantu dalam pikiran selalu sibuk di larut malam. Merusak jam tidurmu.,338,2526,Positive,2023-02-27T12:45:28.813414Z,2023-02-27T12:45:28.813414Z,1,0.947,129,1801,dsuperboy,2351
Nggak ngantuk?,54,2527,Positive,2023-02-27T12:45:30.704315Z,2023-02-27T12:45:30.704315Z,1,1.16,130,1112,dsuperboy,2352
@18discourse üôèüèª,1,2528,Neutral,2023-02-27T12:45:35.098134Z,2023-02-27T12:45:35.098134Z,1,3.742,131,31,dsuperboy,2353
@Roza_lusi üôèüèª,0,2529,Neutral,2023-02-27T12:45:38.737620Z,2023-02-27T12:45:38.737620Z,1,2.897,132,26,dsuperboy,2354
Hewan-hewan durhaka, dikutuk jadi batu sama ibunya. Mentang-mentang udah kaya dan dapat istri cantik di rantau, pak‚Ä¶ https://t.co/5wIGbsgaTc,11,2530,Negative,2023-02-27T12:45:40.860853Z,2023-02-27T12:45:40.860853Z,1,1.434,133,380,dsuperboy,2355
Sampai saat temanmu tidak percaya kalau kamu enggak punya duit, padahal emang nggak lagi punya duit.,623,2531,Positive,2023-02-27T12:45:42.554111Z,2023-02-27T12:45:42.554111Z,1,1.097,134,3068,dsuperboy,2356
@Uyas_Alqorni Mau curi start,0,2532,Positive,2023-02-27T12:45:46.327737Z,2023-02-27T12:45:46.327737Z,1,3.2,135,1,dsuperboy,2357
Bentar, mau beli kursi baru.,4,2533,Positive,2023-02-27T12:45:47.824149Z,2023-02-27T12:45:47.824149Z,1,0.942,136,348,dsuperboy,2358
Sekarang persaingan anak sekolah sepertinya bukan soal juara kelas lagi, tapi juga seberapa mahal dan enak bekal da‚Ä¶ https://t.co/E0Il0bTJ5X,83,2534,Negative,2023-02-27T12:45:49.862882Z,2023-02-27T12:45:49.862882Z,1,1.333,137,967,dsuperboy,2359
Enggak semua orang harus paham apa yang kamu bikin. Enggak semua orang harus mampu memahami apa yang ada dalam kepalamu.,1053,2535,Positive,2023-02-27T12:45:52.917855Z,2023-02-27T12:45:52.917855Z,1,2.453,138,3366,dsuperboy,2360
Segala sesuatu ada durasinya. Seumur daun sebelum gugur. Serupa kursi di meja kerja yang akhirnya patah. Seperti ki‚Ä¶ https://t.co/QS3fTw0E1z,433,2536,Negative,2023-02-27T12:45:54.606827Z,2023-02-27T12:45:54.606827Z,1,1.163,139,1663,dsuperboy,2361
Sudah lima tahun, mungkin udah saatnya ganti kursi.,4,2537,Positive,2023-02-27T12:45:57.068454Z,2023-02-27T12:45:57.068454Z,1,1.767,140,159,dsuperboy,2362
üíî https://t.co/Ar7nK6Jboa,1,2538,Negative,2023-02-27T12:45:58.933958Z,2023-02-27T12:45:58.933958Z,1,1.203,141,229,dsuperboy,2363
Mau bikin apalagi ya buat isi hidup. Biar tetap seru gitu.,669,2539,Positive,2023-02-27T12:46:02.100518Z,2023-02-27T12:46:02.100518Z,1,2.59,142,2952,dsuperboy,2364
@Anom273 üôèüèªüôèüèª,0,2540,Neutral,2023-02-27T12:46:04.112189Z,2023-02-27T12:46:04.112189Z,1,1.475,143,24,dsuperboy,2365
Terlalu sibuk mengurusi orang lain sampai diri sendiri udah jadi hutan.,286,2541,Positive,2023-02-27T12:46:06.201274Z,2023-02-27T12:46:06.201274Z,1,1.387,144,1590,dsuperboy,2366
Sudahkah kau mengirim chat ke whatsappmu sendiri hari ini?,386,2542,Positive,2023-02-27T12:46:07.577851Z,2023-02-27T12:46:07.575317Z,1,0.819,145,5635,dsuperboy,2367
Banyak yang ingin tahu masalah pribadi orang lain dan televisi memfasilitasi itu untuk meraup pundi-pundi.,76,2543,Positive,2023-02-27T12:46:09.343852Z,2023-02-27T12:46:09.343852Z,1,1.05,146,739,dsuperboy,2368
Mulai serius, mainlah latto-latto di tempat yang tepat. Nggak ke kopisop, nggak di rumah sakit, nggak di tempat umu‚Ä¶ https://t.co/DFZfdHh7u0,157,2544,Negative,2023-02-27T12:46:11.884608Z,2023-02-27T12:46:11.884608Z,1,1.155,147,1410,dsuperboy,2369
Cuma malam minggu.,242,2545,Positive,2023-02-27T12:46:14.826518Z,2023-02-27T12:46:14.826518Z,1,1.958,148,1384,dsuperboy,2370
Gak! Jangan! Heh!,3,2546,Positive,2023-02-27T12:46:24.424439Z,2023-02-27T12:46:24.424439Z,1,8.127,149,155,dsuperboy,2371
Kenapa makin banyak orang-orang berendam depan kamera ya? Gaberes ini. Apa aku ikutan aja kali ya.,17,2547,Positive,2023-02-27T12:46:26.194273Z,2023-02-27T12:46:26.194273Z,1,1.142,150,587,dsuperboy,2372
https://t.co/lHJRopl9uH,317,2548,Negative,2023-02-27T12:46:28.273745Z,2023-02-27T12:46:28.273745Z,1,1.392,151,3622,dsuperboy,2373
Pernah bohong soal apa sama ibu?,456,2549,Positive,2023-02-27T12:46:30.171862Z,2023-02-27T12:46:30.171862Z,1,1.325,152,8775,dsuperboy,2374
Yang ditakutkan bukan hanya perpisahan, tapi dendam yang kau simpan setelahnya.,561,2550,Positive,2023-02-27T12:46:32.104028Z,2023-02-27T12:46:32.104028Z,1,1.231,153,2371,dsuperboy,2375
Tidak ada orang yang selalu satu frekuensi sepanjang waktu. Selalu ada masa-masa berlawanan arah, bertengkar, tapi‚Ä¶ https://t.co/HGaKsU2N8v,3086,2551,Negative,2023-02-27T12:46:33.811280Z,2023-02-27T12:46:33.811280Z,1,1.062,154,7422,dsuperboy,2376
Sudah lama tidak menuliskan senja untukmu. Ternyata rasanya masih sama. Masih jadi rindu panjang untuk pertemuan ya‚Ä¶ https://t.co/9uB4zG4UFV,370,2552,Negative,2023-02-27T12:46:35.632952Z,2023-02-27T12:46:35.632952Z,1,0.994,155,1707,dsuperboy,2377
@IsrofatulJ üôèüèª,0,2553,Neutral,2023-02-27T12:46:38.148704Z,2023-02-27T12:46:38.148704Z,1,1.86,156,28,dsuperboy,2378
Tiba-tiba beberapa orang terkenal karena tingkah konyolnya. Diberi panggung di mana-mana. Barangkali begitulah cara‚Ä¶ https://t.co/CBke61vgKo,127,2554,Negative,2023-02-27T12:46:39.901012Z,2023-02-27T12:46:39.901012Z,1,1.211,157,1015,dsuperboy,2379
@worksfess Halo, nder. Kamu aja yang nulis begitu, aku yang bayar. Gimana, nder?,49,2555,Positive,2023-02-27T12:46:42.872293Z,2023-02-27T12:46:42.872293Z,1,1.963,158,819,dsuperboy,2380
@tanyakanrl Karena tidak semua orang siap dengan ketidakpastian hidup. Sementara menjadi Asn memberikan itu ‚Äîmeski‚Ä¶ https://t.co/vLf99InvLl,299,2556,Negative,2023-02-27T12:46:44.895272Z,2023-02-27T12:46:44.895272Z,1,1.284,159,4508,dsuperboy,2381
Sudah malas buang-buang waktu untuk pertemuan-pertemuan basa-basi saja.,1562,2557,Positive,2023-02-27T12:46:46.936715Z,2023-02-27T12:46:46.936715Z,1,1.307,160,4991,dsuperboy,2382
Ya udah, tidur dulu. Besok dipikirin lagi.,925,2558,Positive,2023-02-27T12:47:14.899604Z,2023-02-27T12:47:14.899604Z,1,27.229,161,3652,dsuperboy,2383
Jangan buang-buang waktu lebih lama di kampus. Dunia luar terlalu seru untuk dilewatkan. üëå https://t.co/2h63PAzIHK,58,2559,Negative,2023-02-27T12:47:16.934035Z,2023-02-27T12:47:16.934035Z,1,1.307,162,543,dsuperboy,2384
Hidupmu kadang emang nggak cocok dengan arus kebanyakan. Hidupmu mungkin emang ditakdirkan untuk melawan arus. Mesk‚Ä¶ https://t.co/MJqTAplnnQ,597,2560,Negative,2023-02-27T12:47:18.772736Z,2023-02-27T12:47:18.772736Z,1,1.211,163,1963,dsuperboy,2385
@22lalapo Beli dong kak. Negara belum mau ngasih cetak gratis dan belum mau bayarin royalti penulis-nya. ü•≤,0,2561,Positive,2023-02-27T12:47:20.536809Z,2023-02-27T12:47:20.536809Z,1,1.196,164,0,dsuperboy,2386
Ini bulan depan ya. Buku pertama pembuka tahun ini. Doain lancar ya prosesnya üôèüèª,6,2562,Positive,2023-02-27T12:47:25.555263Z,2023-02-27T12:47:25.555263Z,1,4.366,165,311,dsuperboy,2387
@N_abila17 Bulan depan,0,2563,Positive,2023-02-27T12:47:28.433702Z,2023-02-27T12:47:28.433702Z,1,2.31,166,3,dsuperboy,2388
Judul buku baru sudah di-acc dosbing ini: https://t.co/JlbNNBvZ11,619,2564,Negative,2023-02-27T12:47:30.189359Z,2023-02-27T12:47:30.189359Z,1,1.211,167,4671,dsuperboy,2389
'Yang penting mau kerja keras' doang itu, kadang emang nggak cukup. Tetap saja, harus seimbang; soal pola pikir, ga‚Ä¶ https://t.co/Hm9f55MF5C,542,2565,Negative,2023-02-27T12:47:32.000946Z,2023-02-27T12:47:32.000946Z,1,1.075,168,1628,dsuperboy,2390
Walau pun dia bilang dia nggak mandang harta dan materi kok. Tapi, perlu dipertimbangkan; sepadan itu penting. Kecu‚Ä¶ https://t.co/oBDXOgGxIv,537,2566,Negative,2023-02-27T12:47:33.625522Z,2023-02-27T12:47:33.625522Z,1,0.962,169,1950,dsuperboy,2391
@FOODFESS2 Enak,1,2567,Positive,2023-02-27T12:47:36.045891Z,2023-02-27T12:47:36.045891Z,1,1.484,170,110,dsuperboy,2392
@dittameliaa @JS_Khairen @Donny5cm @grasindo_id Bestie-an mereka ya.,2,2568,Positive,2023-02-27T12:47:38.617938Z,2023-02-27T12:47:38.617938Z,1,1.844,171,41,dsuperboy,2393
Pengin kecanduan olahraga.,1082,2569,Positive,2023-02-27T12:47:40.374173Z,2023-02-27T12:47:40.374173Z,1,1.106,172,3967,dsuperboy,2394
Lagi mencari enaknya olahraga. Semoga segera ketemu.,148,2570,Positive,2023-02-27T12:47:41.841184Z,2023-02-27T12:47:41.841184Z,1,0.847,173,1122,dsuperboy,2395
Bukan maksud sombong, tapi emang aku minder aja temanan sama orang hebat kayak kamu.,333,2571,Positive,2023-02-27T12:47:43.229691Z,2023-02-27T12:47:43.229691Z,1,0.841,174,2298,dsuperboy,2396
@lautankata Gasss,0,2572,Positive,2023-02-27T12:47:46.437893Z,2023-02-27T12:47:46.437893Z,1,2.598,175,36,dsuperboy,2397
Akhirnya bikin ginian juga. Telat banget sih. Gapapa lah. Mulai dari youtube dulu. 

https://t.co/C3Y5qWHKo9,5,2573,Negative,2023-02-27T12:47:56.356105Z,2023-02-27T12:47:56.356105Z,1,9.15,176,183,dsuperboy,2398
@yuniandriyaniA Gapapa, ibuku juga. üôÉ,0,2574,Positive,2023-02-27T12:47:58.413899Z,2023-02-27T12:47:58.413899Z,1,1.355,177,1,dsuperboy,2399
Dari tempat yang jauh seseorang sedang sibuk bekerja; memikirkan ongkos pesawat, biaya pernikahan, dan kiriman untu‚Ä¶ https://t.co/mAiGZDTxnI,247,2575,Negative,2023-02-27T12:48:00.296189Z,2023-02-27T12:48:00.296189Z,1,1.032,178,1415,dsuperboy,2400
Simpan tangisnya buat besok. Sekarang tidur dulu.,1920,2576,Positive,2023-02-27T12:48:03.216726Z,2023-02-27T12:48:03.216726Z,1,2.295,179,7541,dsuperboy,2401
Baru, ya?,118,2577,Positive,2023-02-27T12:48:04.735278Z,2023-02-27T12:48:04.732740Z,1,1.004,180,1316,dsuperboy,2402
@zarryhendrik Jangan lupa disimpan üòÖ,0,2578,Positive,2023-02-27T12:48:16.338025Z,2023-02-27T12:48:16.338025Z,1,10.898,181,0,dsuperboy,2403
@zarryhendrik Udah bisa pameran arsip ini sekian tahun lagi üî•,0,2579,Positive,2023-02-27T12:48:17.823820Z,2023-02-27T12:48:17.823820Z,1,1.185,182,67,dsuperboy,2404
https://t.co/HHTKoz6z1I,101,2580,Negative,2023-02-27T12:48:19.381014Z,2023-02-27T12:48:19.381014Z,1,1.149,183,1011,dsuperboy,2405
@Ekowibowo06 Semoga terhibur üôèüèª,1,2581,Positive,2023-02-27T12:48:20.915250Z,2023-02-27T12:48:20.915250Z,1,1.234,184,32,dsuperboy,2406
Mungkin memang sudah saatnya kita saling melepaskan. Kau memilih ke kanan sementara aku ke kiri. Kau senang melayan‚Ä¶ https://t.co/IgL50eJNMa,952,2582,Negative,2023-02-27T12:48:22.287866Z,2023-02-27T12:48:22.287866Z,1,1.079,185,3809,dsuperboy,2407
Dari tadi mager banget.,136,2583,Positive,2023-02-27T12:48:23.657511Z,2023-02-27T12:48:23.657511Z,1,1.092,186,1088,dsuperboy,2408
Jangan lupa minum.,80,2584,Positive,2023-02-27T12:48:24.933169Z,2023-02-27T12:48:24.933169Z,1,0.975,187,872,dsuperboy,2409
Abis makan jangan lupa bayar.,25,2585,Positive,2023-02-27T12:48:25.947977Z,2023-02-27T12:48:25.947977Z,1,0.747,188,483,dsuperboy,2410
Jangan lupa makan.,153,2586,Positive,2023-02-27T12:48:27.011406Z,2023-02-27T12:48:27.011406Z,1,0.779,189,992,dsuperboy,2411
@kyrhmaa üôèüèª,1,2587,Neutral,2023-02-27T12:48:28.659347Z,2023-02-27T12:48:28.659347Z,1,1.368,190,68,dsuperboy,2412
Selamat istirahat orang-orang yang menunggu kelelahan baru bisa ketiduran.,459,2588,Positive,2023-02-27T12:48:30.237235Z,2023-02-27T12:48:30.237235Z,1,1.297,191,2799,dsuperboy,2413
https://t.co/Yk8Ijk5Mbp,185,2589,Negative,2023-02-27T12:48:31.651752Z,2023-02-27T12:48:31.651752Z,1,1.139,192,1332,dsuperboy,2414
Mungkin pilihanmu tidak akan selalu diterima orang lain. Pilihlah jalan lain yang mengantarmu menemukan orang-orang‚Ä¶ https://t.co/doqOvO8VAJ,1113,2590,Negative,2023-02-27T12:48:33.445599Z,2023-02-27T12:48:33.445599Z,1,1.525,193,3991,dsuperboy,2415
Dulu, seorang kawan pernah menyarankan untuk mulai menjadi ‚Äòpenulis serius‚Äô. Padahal semenjak memilih jalan menjadi‚Ä¶ https://t.co/H74BAKX21f,26,2591,Negative,2023-02-27T12:48:35.606451Z,2023-02-27T12:48:35.606451Z,1,1.882,194,612,dsuperboy,2416
@NezaOviara ü´£,0,2592,Neutral,2023-02-27T12:48:37.597679Z,2023-02-27T12:48:37.597679Z,1,1.702,195,0,dsuperboy,2417
Menarik napas dalam saat editor mengabari buku ini akan segera diterbitkan üò≠ https://t.co/36js83MbLp,10,2593,Negative,2023-02-27T12:48:39.412889Z,2023-02-27T12:48:39.412889Z,1,1.451,196,626,dsuperboy,2418
Sudah siap untuk buku baru? https://t.co/dBxPPBB3Zk,6,2594,Negative,2023-02-27T12:48:40.842985Z,2023-02-27T12:48:40.842985Z,1,1.101,197,346,dsuperboy,2419
@rrrrrruto Sabar.  Baru dapat kabar dari editor. https://t.co/rGQyTofBxf,0,2595,Negative,2023-02-27T12:48:42.087325Z,2023-02-27T12:48:42.087325Z,1,0.904,198,0,dsuperboy,2420
üå¶Ô∏è https://t.co/LJLjvv6Uwq,350,2596,Negative,2023-02-27T12:48:43.808556Z,2023-02-27T12:48:43.808556Z,1,1.149,199,2202,dsuperboy,2421
